assists,bountyLevel,champExperience,champLevel,consumablesPurchased,damageDealtToBuildings,damageDealtToObjectives,damageDealtToTurrets,damageSelfMitigated,deaths,detectorWardsPlaced,doubleKills,goldEarned,goldSpent,killingSprees,kills,largestCriticalStrike,largestKillingSpree,largestMultiKill,longestTimeSpentLiving,magicDamageDealt,magicDamageDealtToChampions,magicDamageTaken,neutralMinionsKilled,pentaKills,physicalDamageDealt,physicalDamageDealtToChampions,physicalDamageTaken,quadraKills,sightWardsBoughtInGame,spell1Casts,spell2Casts,spell3Casts,spell4Casts,timeCCingOthers,timePlayed,totalDamageDealt,totalDamageDealtToChampions,totalDamageShieldedOnTeammates,totalDamageTaken,totalHeal,totalHealsOnTeammates,totalMinionsKilled,totalTimeCCDealt,totalTimeSpentDead,totalUnitsHealed,tripleKills,trueDamageDealt,trueDamageDealtToChampions,trueDamageTaken,visionScore,visionWardsBoughtInGame,wardsKilled,wardsPlaced,win,matchID
13,0,9335,12,3,286,286,286,8800,5,1,0,6836,6325,0,0,0,0,0,555,10855,4046,4140,0,0,2580,337,7926,0,0,91,59,33,6,42,1750,13436,4384,1156,12510,23078,18577,11,179,137,5,0,0,0,443,50,1,2,27,FALSE,NA1_4430733034
18,0,10581,13,4,515,6550,515,7882,1,2,0,7199,6400,0,0,0,0,0,1592,15596,4766,5930,0,0,3132,674,6520,0,0,90,55,25,6,36,1632,23369,5630,1066,12898,24247,17047,16,196,0,5,0,4641,189,448,45,2,6,21,FALSE,NA1_4430708927
10,1,9881,12,5,2350,4556,2350,4067,1,2,0,7460,6925,0,2,0,0,1,794,56004,9164,4697,8,0,14906,1128,1407,0,0,28,31,148,8,26,1357,71550,10930,3426,6105,65,0,118,303,30,1,0,638,638,0,11,3,0,6,TRUE,NA1_4430696272
15,1,9618,12,5,1469,3407,1469,5184,3,3,0,7527,5625,0,2,0,0,1,706,13365,4158,4744,0,0,4659,1286,4865,0,0,81,53,25,6,35,1469,18025,5445,981,9807,17603,13436,7,181,77,5,0,0,0,196,50,3,2,23,TRUE,NA1_4430357738
14,0,8737,12,6,267,4022,267,7421,6,3,0,6599,5635,0,0,0,0,0,470,21331,6499,5509,0,0,2757,1174,8927,0,0,63,45,90,6,30,1594,27799,7673,4636,15087,4981,3998,23,196,132,5,0,3710,0,650,48,4,4,26,FALSE,NA1_4430322389
9,0,10496,13,9,440,2776,440,6815,4,6,0,6860,6625,0,0,0,0,0,595,17484,4559,6468,0,0,4431,845,6215,0,0,86,65,39,8,35,1912,27882,5717,1072,13513,30121,22815,19,219,100,5,0,5966,311,829,51,7,1,28,FALSE,NA1_4430296500
28,0,13717,15,9,1077,1641,1077,8032,5,4,0,9162,8575,0,1,0,0,1,716,9145,3781,4740,0,0,2985,1244,5886,0,0,75,112,26,8,28,1958,12365,5260,1875,11375,36292,29536,10,128,148,6,0,233,233,749,68,4,3,30,TRUE,NA1_4430094956
4,0,7111,10,8,125,125,125,5833,6,5,0,5387,4800,0,1,0,0,1,395,6733,2110,5719,0,0,2527,830,3446,0,0,52,45,18,4,14,1405,9260,2941,962,9616,11813,10263,19,115,113,5,0,0,0,450,46,6,8,20,FALSE,NA1_4430019541
13,0,9325,12,7,768,1972,768,3914,3,5,0,7612,6625,0,1,0,0,1,740,7289,2314,2033,0,0,2338,436,5293,0,0,68,58,27,6,30,1639,9755,2863,1025,7453,20685,17358,10,153,59,5,0,128,112,126,64,5,7,26,TRUE,NA1_4429861622
18,0,11565,14,7,572,572,572,5431,4,3,0,7858,7425,0,1,0,0,1,538,10825,3309,4726,0,0,2618,890,5160,0,0,109,32,62,8,43,1844,14746,5503,6252,10360,7439,6152,16,241,86,8,0,1302,1302,474,71,5,7,31,FALSE,NA1_4429708422
14,2,9374,12,5,992,1449,992,6904,2,3,0,7521,7060,1,3,0,2,1,809,18701,7560,2235,4,0,2953,1289,5958,0,0,40,43,101,7,31,1420,21655,8850,2650,8456,1082,0,13,131,51,1,0,0,0,262,37,3,4,15,TRUE,NA1_4429125987
27,0,12819,14,7,1409,3899,1409,6205,3,5,0,8870,7275,0,1,0,0,1,1251,13699,3877,2178,0,0,3421,458,5493,0,0,82,91,26,9,22,1898,17121,4335,1558,8067,38116,33147,14,133,112,5,0,0,0,396,59,5,9,32,TRUE,NA1_4428942732
11,0,8332,11,4,735,1163,735,5625,4,2,0,6157,5700,0,0,0,0,0,705,10670,2922,5002,0,0,2532,707,5646,0,0,65,51,26,4,21,1516,13203,3630,820,11335,16337,12427,9,177,84,5,0,0,0,687,42,2,2,22,FALSE,NA1_4428897457
10,0,8765,12,8,104,1253,104,6451,2,4,0,7203,6625,1,2,0,2,1,1371,5621,2567,4461,0,0,2367,429,6056,0,0,74,56,29,6,27,1779,8394,3343,1291,10962,20889,17045,7,116,73,5,0,406,346,445,56,6,5,24,FALSE,NA1_4428931145
4,0,6761,10,4,0,0,0,5777,4,1,0,5051,4950,0,0,0,0,0,522,11760,2797,4157,0,0,2006,439,5872,0,0,87,20,41,3,33,1352,13766,3236,2417,10056,4085,2237,3,304,99,5,0,0,0,26,27,2,1,16,FALSE,NA1_4428848751
23,1,13624,15,11,648,3039,648,5115,3,7,0,9548,9075,0,1,0,0,1,792,14406,4625,6069,0,0,2875,572,4233,0,0,90,95,38,9,35,2093,17908,5735,1958,10962,39968,30822,13,161,87,5,0,625,537,659,85,9,6,37,TRUE,NA1_4428796281
6,0,4800,8,4,427,941,427,3052,2,1,0,4994,4600,0,1,0,0,1,692,4999,2096,1610,0,0,2642,390,3309,0,0,49,33,21,5,17,1166,7641,2487,635,5430,8195,6545,8,77,44,5,0,0,0,510,32,2,5,13,FALSE,NA1_4428763646
13,1,11473,14,7,1663,3479,1663,6226,2,4,1,8893,7275,1,3,0,2,2,401,12002,4242,1393,0,0,3289,878,7195,0,0,69,88,32,10,31,1896,16012,5841,1686,9207,39353,30872,9,174,24,6,0,720,720,618,74,5,4,33,TRUE,NA1_4428696638
12,0,9926,12,7,1657,2116,1657,3784,1,4,0,7238,5700,0,0,0,0,0,1253,8377,3177,2274,0,0,1790,422,4079,0,0,84,56,28,6,25,1507,10178,3610,1066,6477,21084,17425,11,115,34,5,0,10,10,124,67,5,9,24,TRUE,NA1_4428656222
14,0,7021,10,6,1483,2220,1483,3347,1,3,0,6425,5150,0,0,0,0,0,397,7068,2380,1496,0,0,2726,808,3719,0,0,47,39,13,4,18,1356,9795,3188,517,5258,11940,9673,7,114,12,5,0,0,0,42,45,4,3,18,TRUE,NA1_4428682844
8,0,6308,10,5,325,436,325,6122,7,3,0,5550,5260,0,0,0,0,0,362,6036,2384,4967,0,0,1957,367,6689,0,0,61,17,23,4,23,1228,7993,2751,629,11945,7716,5912,13,112,167,5,0,0,0,289,38,3,5,14,FALSE,NA1_4428690972
10,0,9197,12,2,450,1255,450,5805,6,0,0,6787,6400,0,1,0,0,1,1021,13915,3211,9737,0,0,2942,818,5377,0,0,113,25,63,3,49,1733,17057,4230,6329,15115,3604,2679,13,335,167,5,0,200,200,0,52,0,6,26,FALSE,NA1_4428670282
5,1,10580,13,5,497,982,497,6975,3,2,0,8624,7175,0,2,0,0,1,524,87151,13757,5123,4,0,10572,1111,4549,0,0,47,28,167,14,36,1422,101569,14869,1059,10074,0,0,161,439,80,0,0,3846,0,401,22,3,0,9,FALSE,NA1_4428317400
18,0,13611,15,13,103,1015,103,10195,6,8,0,9476,9050,1,3,0,2,1,423,15732,4896,3934,0,0,2725,1061,10603,0,0,125,32,74,7,67,1949,18656,5957,8258,16019,8323,5435,16,348,146,9,0,198,0,1481,86,7,10,38,FALSE,NA1_4428229654
15,0,7158,10,7,0,144,0,6243,7,4,0,5360,4910,0,0,0,0,0,263,7749,2097,7924,0,0,1402,908,8690,0,0,98,22,54,5,30,1497,9152,3005,5220,16759,8233,6559,4,227,112,5,0,0,0,145,46,5,3,25,FALSE,NA1_4428241990
21,0,11608,14,6,654,987,654,6909,1,4,0,7779,6550,0,0,0,0,0,501,9660,4857,4943,0,0,2012,1092,6627,0,0,115,35,65,7,54,1692,11673,5949,6700,11675,12423,7521,9,333,16,11,0,0,0,104,70,4,7,34,TRUE,NA1_4428136688
14,0,10737,13,8,0,235,0,10195,10,5,0,6962,6450,0,1,0,0,1,257,9517,3462,9947,0,0,2113,396,9031,0,0,97,30,61,5,45,1716,11631,3859,5620,20110,4677,3139,16,258,228,5,0,0,0,1131,40,6,4,24,FALSE,NA1_4428037449
22,0,11914,14,11,1239,3263,1239,6136,4,5,0,8474,6910,0,0,0,0,0,315,10629,3716,3785,0,0,3379,952,6598,0,0,88,80,26,9,28,1760,14009,4668,1897,11097,30342,22268,21,124,70,5,0,0,0,714,69,9,8,33,TRUE,NA1_4427469962
8,0,10549,13,8,621,1687,621,7001,4,5,0,7315,7275,0,1,0,0,1,985,10285,4927,6889,0,0,2179,787,4754,0,0,64,52,75,7,31,1730,13299,6548,6607,11643,922,0,11,236,148,1,0,834,834,0,62,6,8,26,FALSE,NA1_4427413465
9,2,11211,13,8,2915,6901,2915,5718,3,6,0,10110,8750,1,4,0,2,1,680,27368,7748,4885,0,0,4984,2031,5169,0,0,89,52,104,8,37,1769,32532,9959,6393,10783,15678,13494,23,165,73,5,0,179,179,728,64,6,4,35,TRUE,NA1_4427232255
14,0,7578,11,7,266,2213,266,1523,1,3,0,6310,6360,0,1,0,0,1,1345,4054,1435,3056,0,0,3452,600,1179,0,0,53,15,40,3,21,1456,8503,2035,2952,5063,2422,1558,8,109,34,4,0,997,0,826,40,4,4,19,TRUE,NA1_4427133424
14,1,8457,11,4,639,1795,639,2869,0,2,0,6346,5850,0,1,0,0,1,0,4617,1009,2039,0,0,2651,323,3130,0,0,61,15,55,4,16,1334,7269,1332,3939,5262,3858,2289,9,88,0,6,0,0,0,92,41,2,5,14,TRUE,NA1_4427058911
13,0,8692,12,9,188,871,188,9224,9,6,0,6723,6490,0,0,0,0,0,339,6733,2588,3175,0,0,2073,658,10131,0,0,94,26,41,3,47,1734,8816,3256,2732,13678,3183,2481,7,266,208,5,0,9,9,372,52,7,0,31,FALSE,NA1_4427043210
7,0,9009,12,7,814,2901,814,6407,4,3,1,7735,7400,1,3,0,2,2,765,26891,9411,2489,1,0,4119,2140,7043,0,0,48,41,70,7,40,1557,35758,11552,2239,9910,2423,2123,25,217,93,5,0,4748,0,378,38,5,1,21,FALSE,NA1_4426997623
12,1,10758,13,9,231,231,231,5360,1,5,0,7706,6850,0,1,0,0,1,396,7351,2465,2571,0,0,1646,799,5160,0,0,104,23,58,5,35,1991,9007,3274,5283,8029,1988,1130,11,231,12,5,0,9,9,298,63,7,5,37,FALSE,NA1_4426528656
16,0,11093,13,11,587,1802,587,8483,3,7,0,8594,7725,0,1,0,0,1,1088,9228,3318,7899,0,0,2555,694,5539,0,0,113,30,68,6,53,1989,11783,4012,6827,13672,7927,4008,16,308,50,11,0,0,0,233,81,9,12,32,TRUE,NA1_4426533492
6,0,11074,13,6,0,37,0,9673,7,3,0,6184,5335,0,1,0,0,1,425,6044,2904,8904,0,0,2312,1126,7806,0,0,60,48,74,7,27,1749,8356,4030,7575,17066,5073,4099,15,188,115,5,0,0,0,355,51,4,9,29,FALSE,NA1_4426458810
24,0,14268,15,13,1940,2499,1940,11017,3,8,0,10706,9250,1,4,0,3,1,679,12847,4701,6579,0,0,3521,834,5956,0,0,136,37,76,10,60,2090,17089,6256,7811,12995,11747,10087,17,270,99,8,0,719,719,459,108,5,11,48,TRUE,NA1_4426411516
21,0,9105,12,6,1735,3135,1735,2166,1,3,0,7904,6600,0,1,0,0,1,1230,12218,4218,4489,0,0,2899,686,1936,0,0,70,41,67,4,30,1430,15118,4904,6037,6487,385,0,5,229,34,1,0,0,0,61,55,4,5,20,TRUE,NA1_4426203836
22,0,12076,14,6,1050,4105,1050,8451,5,2,0,8731,7500,0,1,0,0,1,548,9512,3387,9849,0,0,2458,1169,6563,0,0,124,33,65,6,54,1730,13965,4556,6739,16872,8349,5235,6,248,93,10,0,1995,0,459,65,4,5,27,TRUE,NA1_4426042390
7,0,10939,13,8,0,663,0,5369,5,5,0,7130,6800,0,0,0,0,0,690,11318,3164,4283,0,0,2194,519,6339,0,0,70,62,90,3,28,1975,17100,4665,8594,11104,123,0,17,269,104,1,0,3587,982,481,69,6,8,36,FALSE,NA1_4426012240
12,0,9099,12,10,0,151,0,11070,7,6,0,6536,6385,0,1,0,0,1,456,9382,3519,9940,0,0,2298,901,7622,0,0,120,36,59,8,49,1758,11681,4421,6522,18747,7731,4503,8,279,152,17,0,0,0,1184,61,8,3,32,FALSE,NA1_4425918825
7,0,6490,10,7,467,1431,467,4857,3,4,0,5690,5375,0,1,0,0,1,860,6253,2614,4756,0,0,2646,494,4077,0,0,66,25,19,5,20,1453,8900,3109,718,9067,9873,6960,10,98,81,5,0,0,0,234,32,5,6,17,FALSE,NA1_4425944264
7,0,8138,11,4,0,2075,0,8358,8,1,0,6044,5500,0,1,0,0,1,521,8322,4759,5987,0,0,1772,687,8749,0,0,64,53,65,6,29,1592,11790,5446,5700,14952,297,0,16,195,157,1,0,1695,0,215,33,2,3,20,FALSE,NA1_4425692466
14,0,10355,13,11,550,1251,550,6681,4,7,0,7695,6250,0,0,0,0,0,363,7232,1910,3306,0,0,1743,371,6432,0,0,114,31,84,8,59,1916,9057,2364,5546,10058,7565,6118,17,273,78,10,0,82,82,320,73,9,10,36,TRUE,NA1_4425609527
19,0,14490,15,12,1075,3409,1075,12860,5,6,0,8932,8675,0,0,0,0,0,1299,15491,6715,6875,0,0,4603,1290,12536,0,0,77,90,132,14,53,2187,21873,8216,10617,20799,1411,0,17,322,160,1,0,1778,211,1387,70,6,5,33,FALSE,NA1_4425644331
1,0,6240,10,5,634,2481,634,4902,7,3,0,5485,5225,0,1,0,0,1,340,15794,3962,1981,0,0,2745,1029,8097,0,0,49,30,60,2,16,1459,19537,4992,1439,10343,2185,2011,15,161,87,4,0,997,0,263,43,3,2,20,FALSE,NA1_4425580388
9,0,10275,13,9,0,1608,0,10597,7,6,0,6313,5725,0,0,0,0,0,607,6703,3449,7022,0,0,2272,441,9561,0,0,51,55,61,7,32,1933,8975,3891,4073,16857,558,0,6,165,235,1,0,0,0,273,54,7,5,27,FALSE,NA1_4425513947
21,0,9614,12,9,1445,1915,1445,7702,5,4,0,7802,6700,0,1,0,0,1,466,12319,5887,3040,0,0,1626,845,8730,0,0,75,61,72,7,44,1659,14682,7470,5841,11945,528,0,9,253,85,1,0,737,737,174,61,7,3,30,TRUE,NA1_4425395047
10,0,7308,11,4,768,2801,768,5666,3,2,0,6490,6250,0,1,0,0,1,773,12678,4813,989,0,0,3198,1270,7708,0,0,63,53,68,7,33,1522,18408,7155,6294,8817,62,0,8,306,99,1,0,2531,1070,120,56,2,2,27,FALSE,NA1_4425379881
12,0,7296,10,3,0,161,0,7060,9,1,0,5610,5225,0,0,0,0,0,562,5497,2788,5309,0,0,1528,814,9054,0,0,64,41,32,5,24,1525,7026,3602,854,15199,10109,8104,4,104,205,5,0,0,0,835,32,1,4,19,FALSE,NA1_4425322746
22,0,13673,15,9,500,3106,500,8055,3,6,0,8396,7725,0,0,0,0,0,1164,9854,4355,2938,4,0,2826,491,8648,0,0,109,61,29,10,37,2018,13664,5830,2234,12458,26215,21153,12,123,66,6,0,982,982,872,75,7,5,33,TRUE,NA1_4425294224
9,0,6174,10,5,1209,2674,1209,3971,1,3,0,5226,4025,0,0,0,0,0,606,8145,2975,1889,0,0,2054,568,3783,0,0,50,24,53,2,17,1147,10734,4078,3691,5760,838,0,10,137,16,1,0,534,534,86,29,3,6,12,TRUE,NA1_4425079476
12,0,10539,13,7,572,1477,572,6851,8,3,0,7833,7425,0,2,0,0,1,453,10479,4151,2578,0,0,2126,911,8983,0,0,76,53,33,6,36,1803,12890,5347,872,14782,16690,13265,9,145,192,5,0,284,284,3220,56,5,3,22,FALSE,NA1_4425075400
16,0,9033,12,7,1408,2674,1408,6062,4,3,0,6822,6325,0,0,0,0,0,773,8053,2379,1863,0,0,3183,515,8888,0,0,47,45,54,5,17,1520,11237,2895,4211,11269,200,0,2,146,105,1,0,0,0,517,50,5,0,26,TRUE,NA1_4424452671
20,1,12983,14,9,1447,4439,1447,11757,3,6,0,9562,8250,0,2,0,0,1,656,25627,8346,6278,4,0,5487,1896,9655,0,0,77,70,89,7,37,1884,31960,10707,6041,16018,14697,9801,14,287,82,5,0,845,464,84,88,6,9,36,TRUE,NA1_4424150670
10,0,14709,16,5,2337,4694,2337,13142,8,2,0,11240,9975,0,3,0,0,1,703,93841,10511,9885,8,0,12872,1327,11207,0,0,116,43,59,10,39,1908,107531,11917,0,22271,1616,0,157,211,248,1,0,817,78,1178,20,3,4,4,TRUE,NA1_4424113247
19,0,6793,10,7,0,468,0,6249,9,3,0,5994,5600,0,0,0,0,0,301,8894,4105,1658,0,0,1735,815,9793,0,0,57,45,21,5,36,1328,10629,4921,866,12747,12915,10288,11,162,166,5,0,0,0,1295,41,5,4,20,FALSE,NA1_4424109884
22,0,9293,12,9,670,1466,670,6012,2,4,0,7793,6900,0,0,0,0,0,573,8938,4084,4876,4,0,2323,843,5927,0,0,62,56,87,7,25,1494,11261,4927,8632,11073,1479,0,5,201,47,1,0,0,0,270,49,7,4,24,TRUE,NA1_4423936742
31,0,12515,14,10,1344,2250,1344,11991,7,6,0,9098,8525,0,1,0,0,1,260,10380,4301,1408,0,0,2111,844,14799,0,0,76,69,92,10,42,1861,12552,5205,9880,16658,1680,0,13,225,91,1,0,60,60,449,74,7,5,41,TRUE,NA1_4423879018
30,0,11190,13,10,1750,3536,1750,10065,5,4,0,9352,8375,0,3,0,0,1,828,11849,4321,4387,0,0,3407,1254,9590,0,0,83,84,99,9,39,1752,16226,6544,7873,14948,2020,0,13,243,92,1,0,969,969,970,88,5,9,33,TRUE,NA1_4423875392
16,0,13146,15,9,81,428,81,8307,6,7,0,8133,8025,0,0,0,0,0,620,11780,5439,5726,0,0,2165,656,8022,0,0,88,88,40,11,43,2316,14056,6206,1812,14210,32600,26282,10,176,150,5,0,110,110,461,90,7,5,44,FALSE,NA1_4423600182
28,0,14108,15,12,2036,4055,2036,12881,4,5,0,10624,10600,1,3,0,3,1,1026,22168,7878,9561,0,0,4736,1413,6916,0,0,88,92,106,10,49,2036,27776,10164,9598,16626,738,0,21,355,156,1,0,872,872,148,92,5,10,37,TRUE,NA1_4423409510
18,0,12233,14,10,674,2470,674,11334,2,6,0,9559,8725,1,3,0,3,1,1426,28139,6205,5503,0,0,4587,1221,9884,0,0,98,71,110,14,33,2086,32727,7427,5886,15735,15714,12249,45,165,86,5,0,0,0,346,86,7,16,35,FALSE,NA1_4421628692
17,0,16527,17,10,1635,9860,1635,15962,2,6,0,11912,9775,1,3,0,3,1,1566,39921,10352,3527,0,0,3739,829,11867,0,0,88,28,182,46,17,2275,47874,11745,7711,16098,2943,0,27,154,83,1,0,4213,563,704,112,8,9,58,TRUE,NA1_4421447918
22,1,14072,15,11,843,1716,843,4849,4,7,0,9928,8675,0,2,0,0,1,906,11706,3637,5289,0,0,2423,805,3955,0,0,74,73,31,8,28,1958,14323,4635,2497,12178,31716,25236,22,147,75,5,0,192,192,2933,100,7,15,39,TRUE,NA1_4421392210
8,0,8277,11,8,0,347,0,5633,5,5,1,7383,7200,0,3,0,0,2,522,8405,3419,4050,0,0,2716,1241,5013,0,0,51,69,75,6,32,1816,11212,4752,5016,10460,298,0,15,223,91,1,0,90,90,1397,81,6,11,32,FALSE,NA1_4420888940
18,0,10251,13,6,641,2081,641,11752,11,4,0,10493,9500,1,6,0,2,1,334,29886,8033,5886,4,0,5084,1729,13356,0,0,72,41,88,8,43,1951,35593,10091,6004,20092,10026,8368,29,186,283,5,0,621,327,848,79,4,8,26,FALSE,NA1_4420873996
14,0,7341,11,4,973,1075,973,1309,2,2,0,5618,4685,0,0,0,0,0,591,5280,3060,2151,0,0,999,442,965,0,0,66,57,17,3,25,1313,6279,3502,958,3439,15236,12780,2,91,29,5,0,0,0,323,31,2,2,14,TRUE,NA1_4420839657
17,0,8044,11,7,696,852,696,6141,5,3,0,6828,6550,0,0,0,0,0,573,9066,4813,3314,0,0,2571,506,6527,0,0,75,55,35,9,40,1725,12078,5760,1480,9902,21646,17303,14,159,134,5,0,440,440,60,63,5,11,23,FALSE,NA1_4420795523
18,0,12584,14,11,338,2708,338,13165,8,6,0,8710,8525,0,1,0,0,1,512,13579,5431,10823,4,0,2623,1106,9411,0,0,66,89,76,5,31,1991,16202,6537,5823,20839,2396,0,12,197,205,1,0,0,0,604,89,8,7,42,FALSE,NA1_4420777410
17,2,7602,11,9,1577,2654,1577,3898,3,7,0,6838,6075,1,2,0,2,1,270,6244,2285,2614,0,0,2350,845,4426,0,0,37,51,41,4,26,1269,8714,3251,2399,7104,638,348,7,138,36,3,0,120,120,63,44,7,6,19,TRUE,NA1_4420671804
6,1,6308,10,5,1427,2788,1427,2776,2,2,0,5865,5125,0,1,0,0,1,452,7781,2285,130,0,0,1800,201,4411,0,0,57,52,16,4,17,1235,9582,2486,572,4541,12857,10314,7,100,30,5,0,0,0,0,37,3,5,14,TRUE,NA1_4416804248
13,1,6774,10,7,1139,3116,1139,4450,0,4,0,6602,5560,0,1,0,0,1,0,9769,3311,2343,0,0,2838,688,2159,0,0,46,42,46,3,20,1201,12607,3999,2351,4502,1386,621,7,161,0,5,0,0,0,0,42,5,4,18,TRUE,NA1_4416822076
11,0,5931,9,8,0,0,0,4865,4,5,0,6035,5200,0,1,0,0,1,395,5873,3641,1753,0,0,1338,489,5828,0,0,57,67,19,5,29,1401,7211,4131,738,9024,16079,12541,5,113,63,6,0,0,0,1442,38,6,2,20,FALSE,NA1_4416799197
17,0,11076,13,8,1508,5936,1508,7263,3,5,1,8034,7150,1,2,0,2,2,1103,15803,5295,2245,0,0,4644,1712,8692,0,0,77,51,95,10,28,1736,20792,7187,3658,11632,11317,8855,16,154,90,5,0,344,179,694,52,6,5,21,TRUE,NA1_4416757538
3,0,4889,8,7,0,1898,0,5125,6,4,0,5233,4910,0,1,0,0,1,336,10868,5155,4849,0,0,1599,273,5940,0,0,38,36,19,5,37,1294,14092,5912,747,10943,700,139,16,68,100,2,0,1624,484,152,36,5,4,16,FALSE,NA1_4416745447
7,0,7338,11,6,147,507,147,8191,4,3,0,6291,5850,0,2,0,0,1,780,11001,6063,2782,4,0,2442,1150,7764,0,0,35,51,19,5,35,1569,13497,7268,1453,11196,955,0,14,68,83,1,0,53,53,648,45,4,5,22,FALSE,NA1_4416772270
6,1,7229,10,4,1925,1925,1925,2707,3,2,0,6275,5100,0,3,0,0,1,542,21241,9060,1721,0,0,2759,702,2370,0,0,26,29,78,7,33,1316,25014,10777,1160,4261,8,0,15,109,53,1,0,1014,1014,170,47,2,2,23,TRUE,NA1_4416501195
11,0,6946,10,7,198,291,198,7070,7,3,0,6138,5375,0,1,0,0,1,321,10171,5445,5058,0,0,1868,795,7938,0,0,71,36,28,5,41,1455,12040,6241,946,14332,14831,10916,9,158,131,5,0,0,0,1335,44,5,2,21,FALSE,NA1_4416483737
24,0,13275,15,10,1437,5268,1437,10990,11,6,0,9596,7650,0,1,0,0,1,374,18003,5417,10105,0,0,2990,959,10117,0,0,55,63,90,10,28,2116,20994,6376,6059,21571,8404,7554,16,177,346,5,0,0,0,1347,95,8,6,37,TRUE,NA1_4416416353
13,0,10388,13,9,301,2323,301,6637,3,7,0,7957,7775,1,2,0,2,1,963,43014,7567,5178,0,0,4783,1510,6466,0,0,76,44,102,8,35,1803,47798,9078,3858,11833,6470,5148,37,270,63,5,0,0,0,188,59,7,10,28,FALSE,NA1_4415869452
13,0,8418,11,8,821,1422,821,5863,6,4,0,7285,6625,0,1,0,0,1,550,13222,5075,8491,0,0,1928,887,5438,0,0,46,40,68,8,22,1629,15150,5962,2906,14016,7672,5573,12,116,128,5,0,0,0,86,63,6,8,23,FALSE,NA1_4415875191
14,0,9271,12,8,572,572,572,7296,4,4,0,8525,7700,1,4,0,2,1,757,24407,11257,2206,0,0,3665,1693,10302,0,0,75,41,92,9,50,1599,28941,13746,5050,12578,8375,7970,22,242,126,5,0,867,795,70,51,6,6,20,FALSE,NA1_4415870625
16,0,7084,10,5,1255,4416,1255,3735,1,3,0,5422,4175,0,0,0,0,0,941,9377,3462,1778,0,0,3887,1278,4672,0,0,48,35,64,5,15,1215,16440,4741,2984,6884,4257,2183,7,79,6,5,0,3175,0,432,30,3,1,12,TRUE,NA1_4415487563
17,0,7334,11,6,1448,5479,1448,3930,0,3,0,6630,5475,0,0,0,0,0,0,14150,2656,1644,0,0,3688,714,4621,0,0,38,43,61,6,16,1337,18979,3370,2461,6266,9095,5987,8,123,0,5,0,1140,0,0,50,3,6,17,TRUE,NA1_4415503561
21,0,13845,15,18,0,0,0,22283,8,12,0,11024,10350,1,4,0,2,1,597,32735,13571,10305,0,0,2989,1376,15202,0,0,66,90,38,10,69,2279,36917,16140,3048,27029,5043,0,28,119,247,1,0,1192,1192,1521,73,10,11,46,FALSE,NA1_4415435612
16,0,10048,13,11,2068,3727,2068,6212,8,8,0,8134,7575,0,0,0,0,0,509,16452,6061,8049,0,0,2580,681,6710,0,0,57,42,65,9,39,1975,19033,6742,4333,15637,8046,6594,18,174,205,5,0,0,0,877,97,9,10,38,TRUE,NA1_4415331473
19,1,13292,15,15,1209,2822,1209,9028,3,9,1,10258,9200,1,4,0,3,2,909,25301,4699,6009,4,0,3564,931,5571,0,0,67,66,85,9,20,1940,28916,5680,6857,13787,14355,10655,25,114,86,5,0,49,49,2206,86,8,11,42,TRUE,NA1_4414895003
7,0,9202,12,5,495,10716,495,5230,4,1,0,6726,6475,0,0,0,0,0,706,48251,5152,5291,0,0,8248,950,4546,0,0,77,26,51,4,8,1436,72654,6102,2644,10051,2236,1684,125,153,82,5,0,16154,0,214,17,1,2,7,FALSE,NA1_4414883408
11,0,8721,12,6,921,2415,921,8656,5,4,0,6877,6700,0,0,0,0,0,714,16620,4898,4986,0,0,3039,774,7880,0,0,54,50,80,9,16,1808,19704,5711,3305,13067,5200,3631,11,131,142,5,0,44,38,199,59,4,4,27,FALSE,NA1_4414860549
21,1,8725,12,4,1309,4174,1309,4965,2,1,0,7537,6450,0,2,0,0,1,802,15064,4804,6002,0,0,2940,908,2992,0,0,44,58,19,5,34,1531,18597,6304,1057,9285,1925,0,13,57,48,1,0,592,592,290,60,2,6,22,TRUE,NA1_4414786122
2,0,7282,10,8,830,2927,830,3755,2,5,0,6610,6300,1,2,0,2,1,1360,18529,4216,4729,4,0,3426,980,3201,0,0,46,46,68,5,18,1502,23425,5197,2031,8169,2315,1730,21,161,34,5,0,1469,0,238,45,6,4,25,FALSE,NA1_4414160032
17,0,10080,13,7,451,2460,451,8554,7,4,0,7206,7025,0,0,0,0,0,483,10057,4569,7171,0,0,1824,296,6967,0,0,86,40,36,10,33,1736,13449,4866,1590,14930,17172,12610,6,166,229,5,0,1567,0,790,48,5,3,24,FALSE,NA1_4414105725
5,0,7216,10,6,299,1069,299,4305,3,2,0,5948,5610,0,1,0,0,1,694,36694,9044,4301,2,0,2447,477,2666,0,0,35,34,107,9,43,1439,39427,9808,1600,7070,114,0,33,232,68,1,0,286,286,101,46,4,6,22,FALSE,NA1_4414102171
10,0,7657,11,9,824,824,824,7852,7,7,0,6320,6010,0,0,0,0,0,286,15796,7548,6093,0,0,2343,894,7142,0,0,50,38,76,7,41,1633,18140,8442,3419,14210,7206,6414,13,156,160,5,0,0,0,974,52,7,4,25,FALSE,NA1_4414064994
17,0,10539,13,5,2397,9827,2397,4499,1,2,0,7720,6475,0,0,0,0,0,1115,18256,4507,1894,0,0,4192,1225,4919,0,0,44,41,58,5,22,1360,25924,5733,2413,6967,5621,4409,26,152,33,4,0,3475,0,154,38,3,4,13,TRUE,NA1_4414023154
8,0,6823,10,6,817,817,817,3657,0,3,0,5825,5635,0,0,0,0,0,0,9412,2705,3891,0,0,3131,1453,1652,0,0,45,38,59,4,20,1326,12543,4159,1116,5773,2284,1025,13,123,0,3,0,0,0,230,37,4,4,15,TRUE,NA1_4413545572
14,0,8839,12,6,1079,18276,1079,4141,3,3,0,6639,6150,0,0,0,0,0,429,14696,3299,4251,0,0,5663,1373,5148,0,0,50,46,69,9,13,1390,32114,4672,3854,9699,4348,2968,10,100,62,5,0,11754,0,300,54,4,3,21,TRUE,NA1_4413236604
13,1,10154,13,8,165,2805,165,10130,6,5,0,8104,7500,0,2,0,0,1,566,25916,9057,2808,0,0,3807,1353,10553,0,0,67,50,84,8,27,1766,29786,10471,4990,13602,5568,4767,16,181,139,5,0,61,61,240,70,6,5,25,FALSE,NA1_4411898833
15,0,12119,14,11,485,2818,485,11171,6,9,0,9019,7925,1,2,0,2,1,675,16208,8541,10159,0,0,2374,766,6636,0,0,49,63,31,7,40,1952,19564,10289,1032,17869,2514,0,16,55,183,1,0,981,981,1073,89,9,9,41,TRUE,NA1_4410773962
23,3,11747,14,6,1443,4272,1443,6266,0,3,0,8587,7500,1,3,0,3,1,0,16043,5006,2873,0,0,3253,1293,2493,0,0,64,59,91,7,27,1611,19296,6299,3736,5536,10951,9185,16,164,0,11,0,0,0,169,52,4,5,18,TRUE,NA1_4410719490
5,0,6391,10,7,0,139,0,6234,3,4,0,5639,5125,0,1,0,0,1,952,8571,3361,4788,0,0,1620,575,4309,0,0,44,33,61,5,24,1523,10191,3937,2016,9180,3107,2052,12,120,41,5,0,0,0,82,49,5,10,19,FALSE,NA1_4410687079
15,0,12025,14,9,1784,3006,1784,8696,3,3,0,9351,8200,0,1,0,0,1,712,25531,6110,5307,4,0,3388,1216,5928,0,0,55,46,79,8,21,1680,29056,7464,4123,11475,6102,4262,38,166,77,5,0,136,136,240,79,3,15,26,TRUE,NA1_4410305210
16,0,6657,10,7,2334,3048,2334,4763,2,4,0,7099,6150,1,2,0,2,1,714,13689,3514,1162,4,0,2466,696,5119,0,0,37,31,48,5,27,1204,16156,4210,1378,6777,4431,4297,5,150,51,5,0,0,0,495,37,5,3,16,TRUE,NA1_4409874843
14,1,11377,13,9,1201,7483,1201,7193,1,6,0,9060,7725,0,2,0,0,1,1077,28767,5659,4943,0,0,5381,1100,5541,0,0,67,48,84,6,25,1812,36057,6759,4261,11077,10663,8574,26,202,33,11,0,1907,0,593,76,7,6,35,TRUE,NA1_4409871235
14,0,10570,13,7,0,732,0,8687,10,4,0,7579,7175,0,1,0,0,1,361,15750,6272,12350,0,0,3183,605,6448,0,0,101,100,46,10,48,1958,18933,6877,2162,20902,33079,27453,12,257,255,5,0,0,0,2103,56,5,6,27,FALSE,NA1_4409755236
16,0,9347,12,8,467,1942,467,11520,7,3,0,8299,7575,0,2,0,0,1,656,17910,6461,4704,0,0,2171,817,9830,0,0,51,14,74,7,29,1997,22497,9694,6209,16467,845,0,12,192,207,1,0,2415,2415,1932,73,6,6,25,FALSE,NA1_4409598407
25,0,11039,13,6,1541,5303,1541,4262,2,3,0,9242,6835,1,2,0,2,1,706,21855,7833,2867,4,0,3386,1375,4771,0,0,48,77,19,5,41,1626,26014,9981,1188,8082,1804,0,14,72,29,1,0,772,772,443,55,4,5,19,TRUE,NA1_4409562617
10,0,7102,10,7,0,317,0,3333,3,4,0,5004,4475,0,0,0,0,0,509,6883,2745,1256,0,0,1919,405,4735,0,0,77,24,37,3,42,1335,9263,3611,2687,6805,2394,1935,9,249,59,5,0,460,460,814,44,5,4,20,FALSE,NA1_4409529807
10,0,8314,11,6,740,740,740,8080,8,2,0,6807,6475,0,0,0,0,0,670,10681,4010,7806,0,0,1714,243,5764,0,0,66,61,31,7,34,1715,12396,4254,1187,14426,18437,15365,13,180,239,5,0,0,0,855,50,4,6,22,FALSE,NA1_4409445185
17,0,8481,11,13,349,2357,349,12862,10,8,0,7546,7435,0,1,0,0,1,367,6919,3951,6995,4,0,3642,492,13157,0,0,62,25,35,10,36,1692,16560,4787,779,21134,13735,10481,28,146,220,5,0,5998,343,981,62,9,7,29,FALSE,NA1_4409450401
9,1,6665,10,7,1937,3014,1937,4527,2,4,0,7028,6775,0,2,0,0,1,178,15516,3597,1797,4,0,3745,1136,5396,0,0,41,36,63,2,13,1286,19369,4733,2010,7412,8645,7069,14,148,18,5,0,108,0,219,43,5,5,18,TRUE,NA1_4409365821
3,0,5051,9,7,51,168,51,5139,4,3,0,4677,3500,0,0,0,0,0,875,8344,2090,7618,0,0,1943,578,3178,0,0,24,36,44,6,11,1355,10288,2669,1105,11390,3047,1311,9,126,71,5,0,0,0,593,49,5,7,21,FALSE,NA1_4409400629
12,0,10619,13,7,0,2619,0,5322,4,5,0,7290,6625,0,1,0,0,1,603,20312,6148,5110,0,0,4530,860,5026,0,0,54,38,72,8,26,1724,26262,7288,4955,10704,6312,4880,26,145,79,5,0,1419,279,567,52,5,6,22,FALSE,NA1_4409301709
16,0,8741,12,7,1062,1062,1062,8648,8,4,0,7041,6025,0,1,0,0,1,326,25334,7602,3734,0,0,3312,1819,9889,0,0,57,46,77,8,31,1637,28762,9537,2855,14150,5879,4562,19,200,191,5,0,115,115,527,44,5,2,23,TRUE,NA1_4408697146
22,1,12415,14,7,2065,6181,2065,5906,3,4,0,9010,7425,0,1,0,0,1,572,27992,7013,4508,0,0,3855,1128,3825,0,0,66,53,80,8,29,1906,31848,8142,5739,9852,9779,7507,20,176,70,5,0,0,0,1519,75,5,8,32,TRUE,NA1_4408700702
6,0,7731,11,7,66,1432,66,6716,5,5,0,6546,6075,0,0,0,0,0,561,18778,4505,4040,0,0,3804,976,7208,0,0,54,40,66,6,26,1613,24093,5481,3042,12203,7653,6063,23,179,75,5,0,1510,0,954,52,5,6,27,FALSE,NA1_4408369375
25,0,14059,15,8,2097,5923,2097,13951,7,6,0,10206,9350,0,1,0,0,1,520,28447,10620,13162,4,0,5889,1390,7088,0,0,72,107,40,12,80,2142,38297,14873,4148,21423,3909,0,19,235,210,1,0,3960,2861,1172,83,6,4,40,TRUE,NA1_4408232022
23,0,12256,14,16,1679,4286,1679,14355,9,10,0,9893,9200,0,1,0,0,1,776,25847,8989,13447,0,0,4660,2189,12472,0,0,86,72,104,12,56,2288,31813,12484,10561,26825,24017,18573,19,236,243,5,0,1305,1305,906,108,9,11,48,FALSE,NA1_4408176266
9,0,6382,10,6,48,3721,48,8701,7,4,0,5630,5635,0,0,0,0,0,423,12942,4855,4761,0,0,2984,1169,8123,0,0,38,39,55,11,27,1420,18077,6268,5016,13378,4678,4350,17,149,188,5,0,2151,243,493,41,4,6,16,FALSE,NA1_4408201680
18,1,11479,14,7,2774,6480,2774,10046,2,3,1,8529,7425,1,3,0,2,2,425,31448,8749,5120,0,0,4284,1662,7002,0,0,80,63,93,8,36,1721,37429,10411,5322,12515,12674,8277,29,217,33,5,0,1695,0,393,53,5,2,26,TRUE,NA1_4406849734
15,0,9945,12,9,328,1901,328,5869,1,5,0,6340,6010,0,0,0,0,0,1437,10511,3855,3150,4,0,3365,738,4564,0,0,87,41,28,5,38,1481,13876,4594,1149,8211,15717,11923,11,172,40,5,0,0,0,496,53,7,2,24,TRUE,NA1_4406864721
4,1,4732,8,5,112,112,112,3525,2,2,0,4418,4325,0,1,0,0,1,306,11614,4088,2097,0,0,2288,1214,4513,0,0,34,21,42,3,17,1097,13903,5302,1904,6791,1692,858,12,98,24,3,0,0,0,180,28,3,1,14,FALSE,NA1_4406853543
13,3,12130,14,11,3699,6514,3699,6963,0,6,0,9102,7800,1,3,0,3,1,1787,26328,5600,4147,0,0,4349,1411,2555,0,0,68,63,74,9,25,1792,30678,7012,4895,7530,13240,10576,20,178,0,5,0,0,0,827,67,9,9,31,TRUE,NA1_4406859752
22,1,16170,16,13,1667,7593,1667,26357,5,7,1,12168,11275,1,5,0,2,2,649,52619,9614,9302,4,0,7493,1771,8843,0,0,100,78,127,9,46,2465,60964,11599,8012,19426,19517,16231,52,333,166,5,0,851,213,1280,99,5,11,44,TRUE,NA1_4406764196
8,0,9468,12,9,0,1049,0,9284,8,5,0,7307,6825,0,2,0,0,1,520,25332,6803,7202,0,0,3188,1371,9192,0,0,55,50,70,9,32,1740,28633,8271,2581,16829,3278,2871,26,189,195,4,0,112,97,434,67,6,4,28,FALSE,NA1_4406738691
13,0,13666,15,14,771,2952,771,9448,5,8,0,10391,9275,1,5,0,4,1,996,47753,8824,7413,0,0,4083,1852,12092,0,0,84,68,80,11,53,2181,53424,10838,7134,19736,13497,10159,32,397,187,5,0,1587,162,230,94,8,8,41,FALSE,NA1_4406679138
7,0,6530,10,4,966,2259,966,5331,1,2,0,5793,5100,0,0,0,0,0,1067,9044,3208,5750,0,0,3449,896,1987,0,0,37,46,52,4,17,1423,12494,4105,3062,7890,6691,4768,6,79,28,5,0,0,0,153,38,2,3,17,TRUE,NA1_4406324525
21,0,13311,15,10,3774,7987,3774,9097,8,5,0,10592,9225,1,3,0,2,1,356,31509,10381,9654,0,0,4972,2022,6492,0,0,62,50,81,10,29,1795,36482,12404,4072,16911,9751,7610,17,188,191,5,0,0,0,764,54,8,6,24,TRUE,NA1_4406225709
6,1,5805,9,7,2118,7949,2118,4309,3,3,0,6338,5400,0,2,0,0,1,513,12683,3529,1102,0,0,3563,1116,6560,0,0,39,33,54,7,16,1283,19381,4646,1940,7949,1501,1139,12,94,57,5,0,3135,0,287,37,5,1,17,TRUE,NA1_4406013824
31,1,15033,16,12,1508,5674,1508,11232,5,10,0,9982,8250,0,1,0,0,1,589,25231,5083,4530,0,0,5340,1768,12538,0,0,73,69,93,8,21,1971,30571,6852,6235,18154,24256,17151,11,140,108,7,0,0,0,1086,65,10,5,34,TRUE,NA1_4405963345
12,0,7397,11,6,1496,6168,1496,7171,4,3,0,6700,6150,0,0,0,0,0,573,17272,4142,3089,4,0,3423,1272,8643,0,0,55,49,63,4,19,1397,22121,5414,3565,12137,8989,6175,8,163,85,5,0,1425,0,404,38,4,3,18,TRUE,NA1_4405883507
21,0,12316,14,9,915,1507,915,8741,6,6,0,9078,8025,0,1,0,0,1,489,9510,3720,4220,0,0,2076,339,8228,0,0,75,72,26,10,36,1845,11586,4059,2471,13609,27373,22330,5,144,174,5,0,0,0,1160,51,7,4,21,TRUE,NA1_4405840203
14,0,8337,11,6,905,7337,905,4875,3,4,0,7219,6000,0,1,0,0,1,442,14466,5373,3813,0,0,3724,1483,6286,0,0,66,51,69,9,26,1525,21040,6857,3005,10361,7191,4886,13,130,32,5,0,2850,0,261,56,4,6,27,TRUE,NA1_4405340130
26,0,15564,16,10,812,7685,812,13133,6,7,0,10849,10600,1,3,0,2,1,945,40624,15062,9435,4,0,6666,2700,9542,0,0,109,73,112,14,82,2276,47835,18308,5538,19244,17440,15012,27,289,215,5,0,544,544,266,67,8,6,34,FALSE,NA1_4405023568
22,0,10083,13,9,992,2209,992,4710,5,6,0,7427,6700,0,1,0,0,1,853,11824,4005,2690,0,0,2882,798,6445,0,0,77,54,35,10,35,1652,14765,4862,1046,9904,22529,19266,17,159,100,5,0,59,59,768,56,7,6,25,TRUE,NA1_4404860872
15,0,11734,14,8,1600,6294,1600,9494,4,6,0,8522,7550,0,0,0,0,0,988,21926,8263,5525,0,0,4492,1132,9814,0,0,79,61,89,11,40,2073,26521,9498,3857,17368,12065,6637,23,138,134,5,0,102,102,2029,84,6,10,41,TRUE,NA1_4404797509
16,0,16934,17,5,690,13058,690,12115,6,3,0,11190,10545,0,1,0,0,1,447,131782,8518,3042,18,0,16015,1507,13776,0,0,127,42,99,9,23,2304,150189,10026,6658,17306,8183,6069,188,327,210,5,0,2392,0,487,32,3,2,13,TRUE,NA1_4403916581
25,2,14657,15,9,1194,3448,1194,17218,6,5,0,11458,10100,2,5,0,3,1,539,26709,11017,2317,1,0,2253,973,17346,0,0,61,83,38,9,72,2156,30761,13788,2417,20422,3818,0,18,119,167,1,0,1798,1798,758,90,5,8,45,TRUE,NA1_4403888188
10,0,7339,11,10,0,0,0,6132,4,6,0,6205,5560,0,1,0,0,1,535,15753,7028,3007,0,0,3882,1850,7548,0,0,50,31,61,8,35,1521,19635,8878,2411,11985,6728,4517,21,150,50,6,0,0,0,1429,65,8,6,29,FALSE,NA1_4403855912
8,0,10738,13,9,1242,3008,1242,8556,5,7,0,7753,6925,0,1,0,0,1,661,17716,7286,9969,0,0,3243,1199,4139,0,0,66,58,97,10,30,2067,21270,8795,5837,15983,15110,12054,8,170,123,5,0,309,309,1874,72,7,3,40,FALSE,NA1_4403860586
15,0,9682,12,7,2799,5462,2799,3793,1,5,0,7402,6625,0,0,0,0,0,1006,18554,5295,2978,0,0,3716,908,5977,0,0,55,55,69,8,30,1669,22749,6203,3438,9329,15621,11637,10,134,27,5,0,478,0,372,61,5,7,23,TRUE,NA1_4403737737
24,0,14423,15,10,1102,2348,1102,8193,2,5,0,10741,10100,0,1,0,0,1,1372,22654,7438,5190,4,0,2673,1454,6539,0,0,76,59,103,11,34,2069,25359,8924,5148,11879,10624,8885,20,180,83,5,0,31,31,150,71,7,4,33,TRUE,NA1_4403065152
13,1,10746,13,8,313,422,313,5918,1,5,0,7036,6350,0,1,0,0,1,191,10300,2801,1901,0,0,1824,744,5270,0,0,82,78,34,6,31,1733,12125,3546,1195,7791,23750,19702,16,148,8,5,0,0,0,618,71,6,8,30,FALSE,NA1_4403083075
6,0,8992,12,9,306,2010,306,12260,8,7,0,6697,6305,0,0,0,0,0,287,17680,4179,2369,0,0,3706,914,13578,0,0,41,40,63,8,19,1721,21386,5093,4827,17077,4612,2949,24,144,214,5,0,0,0,1129,58,7,7,23,FALSE,NA1_4403091455
13,0,14759,16,12,966,9611,966,10696,4,7,0,11459,10775,1,6,0,3,1,974,39749,13125,6919,4,0,5259,1748,7436,0,0,103,81,117,15,68,2339,51007,16055,7314,14557,13241,10906,37,388,105,5,0,5998,1182,201,99,7,9,42,FALSE,NA1_4403005911
3,0,7679,11,7,312,312,312,5747,5,4,0,5227,4835,0,0,0,0,0,433,18574,4021,3506,0,0,3319,1184,6627,0,0,46,35,63,7,25,1430,21894,5205,1664,10317,1837,1535,17,202,94,4,0,0,0,184,42,5,4,25,FALSE,NA1_4403003783
3,0,8266,11,8,482,791,482,5261,4,6,0,6017,5600,0,0,0,0,0,1003,17952,5290,7911,0,0,2977,949,4049,0,0,55,38,75,10,37,1698,20929,6240,2389,13738,5103,3683,22,170,82,5,0,0,0,1778,57,6,8,29,FALSE,NA1_4402991079
4,0,13353,15,4,974,2029,974,9356,5,2,0,9145,8400,0,2,0,0,1,958,106136,10133,10894,0,0,10607,382,5299,0,0,40,32,159,15,27,1833,118385,11497,1138,17672,1261,0,188,399,140,1,0,1640,981,1477,25,2,3,8,FALSE,NA1_4402966838
7,0,6092,9,7,0,347,0,6533,7,4,0,5380,4725,0,1,0,0,1,525,6254,1001,3035,0,0,1958,609,7640,0,0,85,20,50,4,22,1476,8212,1611,3239,11139,1418,762,13,180,82,6,0,0,0,462,39,5,3,17,FALSE,NA1_4402962948
11,0,5383,9,6,524,4113,524,4240,2,3,1,6301,5200,0,2,0,0,2,454,15836,5112,1713,0,0,4775,1696,4452,0,0,47,32,56,4,32,1153,20612,6809,2088,6312,5555,3960,12,153,24,5,0,0,0,146,33,4,1,15,TRUE,NA1_4402917220
18,0,13339,15,7,0,5626,0,13665,5,5,0,8038,7725,0,0,0,0,0,853,19395,6957,6166,0,0,5245,2258,8407,0,0,72,116,131,9,10,2160,28494,9359,8909,15446,20416,15491,22,35,110,5,0,3853,143,873,58,5,5,28,FALSE,NA1_4402730956
0,0,450,2,2,0,0,0,180,0,0,0,731,500,0,0,0,0,0,0,357,78,11,0,0,406,0,237,0,0,6,0,1,0,0,194,1147,96,49,248,0,0,2,13,0,0,0,383,18,0,0,0,0,0,FALSE,NA1_4402679521
8,1,9438,12,3,2744,4217,2744,5527,2,1,1,9021,8060,2,6,0,3,3,727,74815,10101,5726,8,0,9876,1213,3447,0,0,88,24,67,6,24,1425,86600,11333,2297,9532,5379,3150,145,283,57,5,1,1908,18,357,16,1,1,5,TRUE,NA1_4402546362
9,0,7267,10,7,1263,5064,1263,6481,1,5,0,6612,6075,1,2,0,2,1,749,14817,3216,3082,0,0,2167,1205,7240,0,0,58,53,77,7,19,1489,19104,4422,3251,10336,7563,5330,19,130,21,5,0,2119,0,14,45,5,8,19,TRUE,NA1_4402543104
12,1,11111,13,10,449,1213,449,5514,2,7,0,7899,7400,0,2,0,0,1,778,18664,5408,3286,0,0,3634,1282,5808,0,0,101,82,36,10,48,1836,22364,6756,2588,9385,36711,30169,10,224,55,8,0,65,65,290,60,8,5,32,FALSE,NA1_4402509199
6,0,15556,16,8,0,6644,0,14896,14,6,0,10132,10100,0,2,0,0,1,552,56186,15055,10803,0,0,4224,1062,12821,0,0,46,69,162,22,47,2689,64245,17672,2687,24809,462,0,43,185,408,1,0,3834,1554,1184,123,6,14,56,FALSE,NA1_4402464155
16,0,11161,13,12,825,870,825,9654,5,8,0,8197,7950,0,0,0,0,0,975,10567,3678,5581,0,0,2229,556,12254,0,0,77,49,36,8,32,2061,12797,4234,1086,18618,18346,13424,19,129,153,5,0,0,0,782,85,10,12,35,FALSE,NA1_4402450435
7,0,8915,12,6,102,288,102,4930,3,4,0,6163,5200,0,0,0,0,0,1063,10191,4677,877,0,0,2481,787,5912,0,0,82,61,27,7,34,1782,12809,5600,919,7175,17814,13712,6,178,33,5,0,135,135,385,53,4,2,32,FALSE,NA1_4402447041
16,1,10102,13,10,1588,5471,1588,4141,2,6,0,8439,6525,0,1,0,0,1,1392,8140,2947,4028,0,0,3650,542,2623,0,0,65,49,32,5,30,1744,13358,3489,1105,7141,19632,15317,21,101,16,6,0,1567,0,489,92,7,17,33,TRUE,NA1_4402390395
17,0,11234,13,5,279,1225,279,6698,6,3,0,7427,7425,0,0,0,0,0,503,16059,4346,3951,0,0,2818,495,7102,0,0,99,88,36,9,38,1840,18878,4842,2592,11102,32557,27047,20,201,130,5,0,0,0,48,51,3,6,24,FALSE,NA1_4401965033
7,0,7417,11,9,237,3678,237,7644,8,6,0,6401,5860,0,1,0,0,1,432,7067,5310,6010,0,0,2035,1016,9468,0,0,79,57,35,7,35,1784,12103,6456,1101,15754,19534,14582,7,125,154,5,0,3000,129,276,65,7,3,34,FALSE,NA1_4401950824
24,0,11415,13,5,1568,3659,1568,8841,7,2,0,8827,8125,0,1,0,0,1,449,14142,6128,6582,0,0,2893,1086,11663,0,0,79,79,40,10,48,1804,19041,7311,1457,18644,30888,24880,6,208,189,5,0,2005,97,398,66,3,4,26,TRUE,NA1_4401887696
17,0,8648,12,8,630,1821,630,2896,0,4,0,7086,6075,0,0,0,0,0,0,13841,3925,1198,0,0,3455,758,3293,0,0,78,64,31,4,25,1556,17297,4684,723,4720,20916,16373,20,193,0,5,0,0,0,229,54,6,7,20,TRUE,NA1_4401904789
5,0,5102,9,7,0,590,0,2865,4,4,0,4591,4475,0,1,0,0,1,420,5327,2871,3339,0,0,1952,732,3836,0,0,57,37,24,4,22,1211,7279,3604,232,7434,7111,5765,8,105,77,5,0,0,0,257,35,5,2,19,FALSE,NA1_4401872181
11,0,8725,12,9,0,209,0,6160,7,6,0,6422,6225,0,0,0,0,0,442,10802,4500,3084,0,0,2158,708,6595,0,0,68,55,25,9,46,1712,12960,5208,1165,9925,15769,13247,15,190,156,5,0,0,0,245,67,7,6,34,FALSE,NA1_4401817884
5,0,7082,10,11,0,0,0,3393,3,9,0,5367,4775,0,0,0,0,0,775,5338,1688,3696,0,0,1483,129,3763,0,0,43,48,13,6,12,1674,6822,1817,450,7952,13442,10867,12,89,70,5,0,0,0,491,39,9,10,22,FALSE,NA1_4401842949
6,0,8781,12,8,408,907,408,6595,7,5,0,6762,6125,1,2,0,2,1,495,14592,4043,5349,0,0,1902,501,7440,0,0,81,37,28,5,34,1547,16494,4545,1143,13949,15300,11044,16,196,91,5,0,0,0,1159,54,5,5,29,FALSE,NA1_4401807728
15,0,8905,12,10,198,1128,198,7168,6,7,0,7777,7435,0,1,0,0,1,558,13621,3887,3327,0,0,3635,1094,8663,0,0,87,91,33,10,27,1892,17462,5188,2134,12891,31300,25133,24,192,140,5,0,206,206,900,56,8,8,34,FALSE,NA1_4401529332
22,0,13466,15,12,2640,5314,2640,10878,6,6,0,9195,8785,0,1,0,0,1,663,32766,8695,9717,0,0,4107,1891,6048,0,0,87,80,108,11,35,1945,36874,10586,7836,16397,17758,14108,26,244,133,5,0,0,0,632,78,7,6,31,TRUE,NA1_4400820931
11,0,6347,10,5,1792,4627,1792,2814,3,3,0,6370,6025,0,1,0,0,1,461,11094,3053,1864,2,0,2545,600,3357,0,0,65,45,25,4,25,1233,15065,3654,704,5358,13334,10321,16,125,32,5,0,1425,0,136,33,3,5,14,TRUE,NA1_4400806570
5,0,7550,11,8,1363,5859,1363,3712,4,5,0,6142,5710,0,1,0,0,1,990,14119,3226,4656,0,0,2931,713,4384,0,0,90,25,24,4,24,1599,21502,3940,323,9041,7791,5645,9,190,91,5,0,4452,0,0,60,6,7,29,FALSE,NA1_4400803706
8,0,12424,14,9,0,454,0,14219,13,7,0,7905,7725,0,0,0,0,0,367,8246,2950,7991,0,0,1938,311,14548,0,0,107,21,79,11,62,2286,10185,3261,5249,26143,11843,9467,13,326,385,9,0,0,0,3603,76,7,8,39,FALSE,NA1_4400749873
20,0,12925,14,10,846,3462,846,5615,3,7,0,8876,7725,0,0,0,0,0,1097,9002,3362,7013,0,0,2488,77,3549,0,0,77,57,33,8,27,2018,11568,3518,1102,11755,20445,15716,8,106,114,5,0,77,77,1191,81,8,5,39,TRUE,NA1_4400643541
5,0,5986,9,6,200,200,200,4660,3,3,0,4817,4250,0,0,0,0,0,650,10674,4831,751,0,0,2199,416,6736,0,0,78,51,28,4,37,1255,12888,5262,980,7591,14465,11688,11,186,70,5,0,14,14,103,33,4,4,16,FALSE,NA1_4400617641
19,0,14679,15,4,1040,20273,1040,46428,4,4,0,11369,10800,1,3,2,2,1,615,57851,6609,8074,124,0,62121,5668,25015,0,0,67,96,64,10,32,1944,130137,12552,0,34535,9649,1346,15,265,135,5,0,10164,274,1445,28,4,2,5,TRUE,NA1_4400492276
14,0,11833,14,10,0,144,0,8491,8,6,0,8469,7575,0,2,0,0,1,389,11672,3862,9266,1,0,2243,694,13562,0,0,109,39,83,7,51,1941,13915,4557,5598,23154,10004,5931,18,328,184,6,0,0,0,325,71,8,5,35,FALSE,NA1_4400308578
5,0,7664,11,10,0,176,0,5992,5,6,0,6178,5860,0,0,0,0,0,738,4354,2467,5701,0,0,1114,194,5931,0,0,46,26,31,6,22,1784,5469,2661,967,12498,10823,8571,6,82,142,5,0,0,0,865,50,8,4,24,FALSE,NA1_4400180253
25,0,14975,16,13,1532,5423,1532,9962,8,7,0,10988,10610,0,2,0,0,1,669,40095,6426,16609,0,0,5893,1335,6334,0,0,101,88,116,11,21,2556,46433,8206,9053,25243,22439,17389,42,173,301,5,0,444,444,2299,92,8,10,42,TRUE,NA1_4399968728
16,0,8548,11,11,652,4290,652,4018,4,8,0,6904,6375,0,1,0,0,1,447,7547,3175,1748,4,0,1898,264,5175,0,0,57,51,26,5,26,1465,11546,3545,487,7538,13645,9962,7,105,73,5,0,2100,105,613,54,9,5,23,TRUE,NA1_4399919258
17,0,10921,13,8,176,889,176,4790,4,5,0,8159,7800,0,0,0,0,0,467,8392,2020,3223,0,0,1923,443,6300,0,0,67,45,27,8,18,1874,10315,2464,1368,10331,17412,13797,11,130,101,5,0,0,0,807,68,6,8,27,TRUE,NA1_4399963765
19,0,9398,12,7,2394,3813,2394,1178,0,3,0,8334,6700,0,0,0,0,0,0,11659,2377,779,0,0,3131,475,1523,0,0,52,58,18,6,16,1387,14790,2852,1034,2303,16757,14264,7,125,0,5,0,0,0,0,47,5,2,21,TRUE,NA1_4399952120
17,0,10025,13,8,259,259,259,6953,6,4,0,6698,6175,0,0,0,0,0,660,10020,3697,785,4,0,2032,742,12829,0,0,73,77,37,8,37,1666,12325,4602,1297,13867,27026,22387,14,180,140,5,0,272,162,253,58,6,3,28,FALSE,NA1_4399888756
16,0,9533,12,8,329,3725,329,3223,1,4,0,6966,6000,0,0,0,0,0,72,13439,3994,3385,0,0,2725,335,2605,0,0,92,75,29,4,33,1721,17590,4329,998,6037,18202,13264,15,202,6,5,0,1425,0,46,61,6,7,26,TRUE,NA1_4399741682
21,2,11447,14,9,1198,8448,1198,3513,1,4,0,9357,7950,1,3,0,2,1,392,17844,3960,3415,0,0,4298,686,3579,0,0,95,63,35,8,34,1799,24708,4646,2092,7039,25482,21999,14,162,12,5,0,2565,0,44,53,4,7,20,TRUE,NA1_4399682092
5,0,5830,9,5,0,933,0,5234,5,3,0,5292,5225,0,0,0,0,0,536,6246,2808,2819,0,0,1869,705,6594,0,0,72,41,23,8,33,1557,8166,3565,733,9609,13398,10003,3,150,74,5,0,51,51,196,37,3,2,20,FALSE,NA1_4399654909
12,0,7837,11,8,407,1634,407,6362,7,4,0,7307,6825,0,0,0,0,0,502,10805,4338,5429,4,0,1858,346,7230,0,0,83,53,38,9,34,1790,16684,6100,1601,12960,17829,14063,11,150,199,6,0,4021,1416,299,46,5,5,21,FALSE,NA1_4399588323
5,0,9673,12,8,110,110,110,5334,4,5,0,6088,5785,0,1,0,0,1,590,14212,2225,4373,0,0,2768,512,7045,0,0,88,48,32,5,30,1799,18706,2783,719,12051,15000,12543,16,212,110,5,0,1725,45,632,56,6,5,26,FALSE,NA1_4399571615
8,0,8836,12,8,0,0,0,4311,6,5,0,5970,5710,0,0,0,0,0,551,6795,3402,5311,0,0,1257,351,6946,0,0,62,37,30,6,30,1661,8052,3754,866,12467,12223,9859,13,143,128,5,0,0,0,209,46,6,9,25,FALSE,NA1_4399544989
15,0,8282,11,7,0,573,0,8043,7,4,0,6150,6100,0,0,0,0,0,427,10068,4104,2784,0,0,2148,899,11741,0,0,74,45,28,5,32,1581,12217,5003,1304,15124,14217,11090,8,170,144,5,0,0,0,598,47,5,5,19,FALSE,NA1_4399502262
22,0,8265,11,8,1255,3833,1255,4956,5,6,0,7400,5950,0,0,0,0,0,228,16060,4383,2060,0,0,4070,1357,6387,0,0,46,43,70,6,19,1370,20639,6249,2514,8598,4500,3186,20,147,81,5,0,508,508,150,58,6,11,22,TRUE,NA1_4399477532
17,0,8438,11,6,1129,6167,1129,3836,0,3,0,7166,6700,0,0,0,0,0,0,12347,2491,2192,8,0,3975,1114,3216,0,0,42,43,57,4,13,1352,18318,3605,4020,5822,8003,6194,12,127,0,7,0,1995,0,413,40,4,6,18,TRUE,NA1_4399239574
15,0,10275,13,8,515,3185,515,11139,6,6,0,7638,7500,0,0,0,0,0,714,8610,2768,10567,0,0,2890,908,6343,0,0,117,27,65,7,51,2001,12525,3846,4422,17294,8826,6115,9,275,169,6,0,1023,168,384,85,6,6,36,FALSE,NA1_4399245038
28,0,14269,15,9,775,4843,775,5473,4,4,0,10208,9710,0,1,0,0,1,1077,14708,4771,5353,0,0,3547,515,4785,0,0,99,65,31,9,37,1962,18957,5418,1628,10876,23910,19773,17,188,147,5,0,701,130,737,91,6,10,30,TRUE,NA1_4399136744
14,0,11124,13,6,0,814,0,5962,5,4,0,8168,7650,0,2,0,0,1,563,10511,5813,1416,0,0,2506,1228,10868,0,0,79,47,35,10,45,1859,13323,7202,1559,13392,18864,14532,13,167,132,5,0,304,160,1107,68,4,6,36,FALSE,NA1_4399144667
25,0,11025,13,10,935,2752,935,2572,3,8,0,8325,7250,0,0,0,0,0,1078,11403,4002,2917,0,0,3002,501,2662,0,0,69,89,31,9,33,1805,14406,4504,2455,6540,32308,25815,11,147,67,6,0,0,0,960,77,8,7,34,TRUE,NA1_4399150371
18,0,9766,12,5,1651,2139,1651,2532,1,3,0,8486,7275,0,1,0,0,1,1061,15883,4248,2083,0,0,2348,588,3074,0,0,61,58,26,5,31,1535,18231,4836,1351,5157,17605,13841,13,165,30,5,0,0,0,0,51,3,2,20,TRUE,NA1_4399127488
6,0,6451,10,6,0,0,0,3364,2,4,0,5910,5700,0,1,0,0,1,778,7110,3075,2764,0,0,2059,430,4040,0,0,56,52,27,6,24,1531,9219,3506,489,7193,12914,10727,9,145,52,5,0,50,0,388,47,4,3,22,FALSE,NA1_4399097770
5,0,8694,12,6,504,504,504,5417,5,3,0,5775,5450,0,0,0,0,0,515,8890,3006,2861,0,0,1562,723,7876,0,0,67,44,31,5,29,1624,10452,3729,703,12319,13937,10284,13,165,75,6,0,0,0,1581,60,4,9,26,FALSE,NA1_4399095864
4,0,6910,10,7,115,1139,115,2121,2,4,0,5467,5200,0,0,0,0,0,977,13055,3767,8031,0,0,2282,387,1564,0,0,82,38,33,6,36,1542,15337,4155,1010,9880,11461,8745,6,226,61,5,0,0,0,284,50,5,4,25,FALSE,NA1_4399122359
7,0,8019,11,6,387,387,387,2514,3,4,0,6426,5950,0,1,0,0,1,568,10688,5162,2099,0,0,2187,932,3631,0,0,65,39,39,5,46,1717,12876,6094,577,5963,13927,11815,12,182,51,5,0,0,0,233,79,4,9,30,FALSE,NA1_4399120314
5,0,5567,9,6,0,43,0,4046,3,4,0,4879,4500,0,0,0,0,0,382,6265,1974,1138,0,0,1751,404,4412,0,0,73,21,48,3,31,1433,8017,2378,2597,6038,3116,1907,10,235,38,5,0,0,0,487,46,4,3,24,FALSE,NA1_4399079828
7,0,8762,12,8,1509,4219,1509,7047,4,5,0,7035,6850,0,1,0,0,1,655,21412,6171,5307,0,0,4607,1574,4303,0,0,58,31,64,5,22,1725,26019,7746,2253,9638,2180,1233,28,156,121,4,0,0,0,28,58,6,9,29,FALSE,NA1_4399063603
30,0,24289,18,24,1971,22136,1971,20930,8,14,0,15203,13675,0,1,0,0,1,972,80379,10627,16376,4,0,8852,1375,16609,0,0,135,120,142,19,38,3010,98118,13083,11234,34747,22445,14351,59,541,299,5,0,8887,1080,1761,132,10,8,60,TRUE,NA1_4398986510
12,1,7887,11,6,437,1418,437,3550,3,2,0,6747,5850,0,2,0,0,1,577,10509,4092,1087,0,0,2523,880,6543,0,0,77,41,30,5,33,1313,13033,4973,511,8221,13562,10078,11,182,52,5,0,0,0,590,34,4,3,16,TRUE,NA1_4399000546
11,0,6711,10,7,344,3871,344,2242,1,4,0,5909,5560,0,1,0,0,1,1300,8608,2924,494,8,0,3641,763,2988,0,0,70,44,27,5,24,1342,13675,3688,750,3482,12548,10909,7,123,34,5,0,1425,0,0,40,5,5,16,TRUE,NA1_4398908226
8,0,9511,12,5,99,933,99,5589,4,3,0,5715,5410,0,0,0,0,0,582,7191,2013,950,1,0,3244,616,8455,0,0,93,32,68,6,36,1600,10435,2629,5489,9633,4028,3017,13,241,58,5,0,0,0,227,54,3,8,26,FALSE,NA1_4397893938
20,0,13511,15,12,1742,4167,1742,17031,5,8,0,10833,10775,0,2,0,0,1,937,37459,11531,3766,4,0,5091,2232,18372,0,0,97,74,103,12,51,2192,43487,14701,4757,22569,15648,11520,31,325,129,5,0,936,936,431,90,9,7,49,FALSE,NA1_4397920756
10,2,4404,8,4,852,1388,852,1407,0,2,0,5523,4535,1,2,0,2,1,0,11020,3086,673,0,0,2109,760,2405,0,0,26,22,37,2,18,926,13129,3846,904,3180,1177,711,10,146,0,5,0,0,0,102,24,2,3,11,TRUE,NA1_4397883889
21,0,15536,16,17,858,2555,858,7901,6,11,0,10178,9225,0,0,0,0,0,872,27082,6410,12142,0,0,3667,582,5082,0,0,114,59,53,14,57,2323,30750,6993,1972,17866,31458,23005,33,282,162,5,0,0,0,642,111,8,14,45,FALSE,NA1_4397829725
19,1,6285,10,2,945,5254,945,2838,1,0,0,6658,4960,0,1,0,0,1,269,5454,2139,2086,0,0,3515,1359,2796,0,0,70,38,51,3,31,1264,11427,3534,4271,4882,4066,3712,7,161,10,8,0,2457,35,0,40,0,3,18,TRUE,NA1_4397778976
19,0,8613,12,5,446,907,446,4016,0,2,0,7107,6625,0,0,0,0,0,0,6564,2718,4792,0,0,2046,923,2340,0,0,90,23,57,7,36,1451,8610,3642,4554,7827,6671,4132,9,209,0,6,0,0,0,694,54,3,6,21,TRUE,NA1_4397803962
8,0,6817,10,4,683,2491,683,6662,8,2,0,6214,5485,0,1,0,0,1,463,12168,3915,10601,0,0,3101,1482,3922,0,0,39,27,52,5,17,1413,16694,5397,2953,15325,3067,2674,11,146,196,5,0,1425,0,800,49,2,5,21,FALSE,NA1_4397780397
15,0,8827,12,7,2186,3858,2186,7347,3,5,0,7179,5275,1,3,0,2,1,473,15985,3072,2568,0,0,3265,886,9812,0,0,45,53,64,5,15,1391,19250,3958,2029,12606,14382,10611,14,123,61,5,0,0,0,225,40,5,6,20,TRUE,NA1_4397661660
18,0,13894,15,4,2615,17501,2615,7823,5,1,1,11372,10325,2,4,326,2,2,547,4228,1927,5493,37,0,135255,16630,9744,0,0,31,91,14,12,45,1753,144460,22117,0,19526,269,0,154,654,129,1,0,4976,3560,4288,26,1,3,8,TRUE,NA1_4397558162
0,0,10130,13,4,0,6913,0,13502,7,4,0,7831,7700,0,2,0,0,1,694,102695,5823,10478,120,0,10774,360,17293,0,0,199,227,130,211,0,1662,122669,6475,0,28592,9627,246,12,63,235,2,0,9199,291,820,25,4,7,5,FALSE,NA1_4397571631
9,0,10601,13,5,0,5015,0,27896,7,5,0,10223,9875,0,2,2,0,1,487,82697,9209,9675,96,0,15557,641,20653,0,0,57,101,102,8,38,1826,110092,12003,0,31480,5731,0,31,258,180,1,0,11836,2152,1151,28,5,10,6,FALSE,NA1_4397523750
3,0,8342,11,5,0,1350,0,3359,2,2,0,5529,5410,0,0,0,0,0,1257,13544,2343,2360,0,0,4258,897,5594,0,0,43,37,73,7,21,1608,17802,3241,2417,8056,4143,3041,12,130,31,4,0,0,0,102,43,3,4,24,FALSE,NA1_4397001757
10,0,10340,13,8,123,717,123,8431,7,5,0,7083,6850,0,0,0,0,0,687,8844,2450,5927,0,0,2279,279,7249,0,0,106,31,69,5,39,1786,11131,2738,3840,14110,3454,2736,19,210,173,5,0,8,8,933,75,6,13,32,FALSE,NA1_4396949412
20,0,12476,14,7,875,2531,875,6492,4,4,0,8760,7800,0,0,0,0,0,1041,12079,3067,6089,0,0,3594,448,4534,0,0,74,67,30,8,26,1896,15982,3823,2567,11362,28408,23891,15,139,144,7,0,307,307,739,70,3,7,28,TRUE,NA1_4396943774
19,0,13896,15,6,373,684,373,7929,7,3,0,8302,8385,0,1,0,0,1,649,18701,4843,11291,0,0,3300,605,5250,0,0,97,93,50,11,38,1989,24722,5449,2648,16995,35124,26293,24,201,183,5,0,2720,0,453,67,4,8,29,FALSE,NA1_4396909304
1,0,9375,12,3,311,311,311,4752,6,0,0,6348,5950,0,0,0,0,0,454,72663,5273,6827,0,0,7610,46,5836,0,0,32,19,121,14,19,1304,83080,5759,323,13101,166,0,151,298,199,1,0,2806,438,437,9,1,2,5,FALSE,NA1_4396914934
23,0,12953,14,8,1648,7697,1648,12488,3,4,0,9431,9150,0,0,0,0,0,933,15967,5364,13304,0,0,4286,843,5080,0,0,143,45,90,9,61,2151,24748,6249,10716,19289,20444,12480,23,323,41,5,0,4494,42,905,102,6,12,43,FALSE,NA1_4396858735
20,0,9736,12,11,0,1850,0,7758,9,9,0,7874,7725,0,0,0,0,0,332,12687,4226,2306,0,0,1868,795,9521,0,0,110,21,71,6,64,1804,16043,5084,6647,13931,5116,3995,26,318,188,5,0,1487,62,2102,48,9,14,33,FALSE,NA1_4396814425
2,0,4499,8,4,103,700,103,5619,3,1,1,4716,4650,1,3,0,3,2,731,6280,3513,4565,0,0,2767,1174,4386,0,0,37,53,29,4,4,1043,9347,4988,1462,9313,5353,2831,4,22,35,5,0,300,300,361,24,2,2,11,FALSE,NA1_4396661124
20,0,9987,13,5,1265,3551,1265,3475,1,2,0,7631,6475,0,1,0,0,1,1246,7407,1781,1759,4,0,3282,751,4078,0,0,61,29,54,3,27,1547,10689,2533,3087,6016,4511,2801,8,143,34,5,0,0,0,178,44,3,5,16,TRUE,NA1_4396089233
37,0,21461,18,18,1865,14150,1865,19287,2,8,0,14164,12775,1,3,0,2,1,1684,57277,13451,9092,0,0,5973,1083,12627,0,0,129,121,149,19,56,2841,67048,16548,16473,22285,30362,20968,53,357,106,5,0,3798,2013,566,128,5,17,45,TRUE,NA1_4396072062
13,0,8031,11,5,1348,7475,1348,3739,1,3,0,7070,5225,0,0,0,0,0,1285,21287,3998,2272,0,0,4557,590,3332,0,0,59,50,74,5,16,1532,27401,4711,2782,6092,6346,4663,18,140,31,5,0,1555,121,487,52,3,0,20,TRUE,NA1_4396040352
21,0,8225,11,7,272,1093,272,3319,2,4,0,7046,6625,0,1,0,0,1,531,5373,2017,1543,0,0,1649,1088,5446,0,0,70,24,46,6,32,1397,7023,3105,2941,7332,7475,5614,10,148,24,12,0,0,0,342,55,5,7,20,TRUE,NA1_4396015837
11,0,16822,17,3,0,28945,0,41856,10,3,0,14621,13825,0,4,0,0,1,737,147460,17631,19849,168,0,15716,531,24881,0,0,170,76,82,8,24,2195,211567,23513,0,49845,16147,0,33,553,410,1,0,48389,5350,5113,29,3,7,4,FALSE,NA1_4395693931
1,0,7521,11,2,308,9656,308,6759,8,1,0,7846,7463,0,2,0,0,1,211,9525,2032,4438,12,0,69418,8519,11381,0,0,174,26,21,9,0,1362,89241,10552,0,17116,2098,491,125,0,143,3,0,10297,0,1296,15,1,3,7,FALSE,NA1_4395539253
16,2,8898,12,6,2084,3064,2084,2784,0,4,0,7562,6700,1,2,0,2,1,0,9704,1988,1738,0,0,3237,760,2076,0,0,86,27,59,6,31,1417,12941,2748,3457,3815,7543,6859,15,179,0,12,0,0,0,0,51,4,6,22,TRUE,NA1_4395310233
10,0,9911,12,7,56,551,56,5363,5,5,0,7339,6625,0,0,0,0,0,1039,14703,6973,4015,0,0,1944,532,7106,0,0,45,55,63,9,36,2029,16648,7505,4779,12163,7490,5662,24,149,103,5,0,0,0,1041,85,5,11,39,FALSE,NA1_4395236394
5,0,5551,9,8,0,226,0,2785,2,6,0,4949,4400,0,0,0,0,0,1025,6852,1384,2098,0,0,2162,603,4188,0,0,83,16,39,4,38,1275,9015,1987,2795,6584,1946,1385,19,243,10,6,0,0,0,298,40,6,5,19,FALSE,NA1_4394979770
6,0,10201,13,7,322,745,322,10404,8,4,0,7537,7375,0,0,0,0,0,446,36226,7291,11335,0,0,5401,1330,9345,0,0,69,54,92,9,39,1862,41627,8621,3451,21244,6535,3810,40,346,208,4,0,0,0,563,44,5,6,32,FALSE,NA1_4394937814
3,0,4385,8,5,238,238,238,3331,2,1,0,3944,3500,0,0,0,0,0,434,8291,2722,1953,0,0,2600,867,2960,0,0,30,26,48,2,14,1006,10892,3589,1436,5123,1412,780,14,101,26,3,0,0,0,210,23,3,5,6,FALSE,NA1_4394926276
19,0,15196,16,9,1185,4302,1185,9782,5,7,0,9811,8725,0,1,0,0,1,384,39396,5906,6355,0,0,5569,1314,8142,0,0,86,81,115,8,40,2310,45134,7361,4480,15632,4890,3075,41,349,136,5,0,168,139,1134,94,7,11,42,TRUE,NA1_4394962218
16,4,7142,10,6,1853,5443,1853,3150,0,4,0,8220,7550,1,4,0,4,1,0,24350,8579,1224,0,0,4118,1625,3230,0,0,58,40,70,8,27,1294,35394,10460,3441,4520,3311,2077,19,164,0,5,0,6926,256,65,51,4,7,21,TRUE,NA1_4394939989
8,0,8290,11,7,0,417,0,6264,7,4,0,6459,5560,0,1,0,0,1,482,8766,2857,8194,0,0,2726,1125,8136,0,0,104,32,64,5,42,1582,11492,3982,5743,16418,7497,5374,11,238,172,10,0,0,0,88,54,5,3,22,FALSE,NA1_4394906563
10,0,8208,11,10,697,777,697,4089,6,7,0,6484,6450,0,1,0,0,1,347,8074,3230,6308,0,0,1898,354,2394,0,0,74,44,31,6,29,1625,9972,3584,915,9219,12157,10250,4,146,141,5,0,0,0,516,57,8,4,26,FALSE,NA1_4394893207
11,0,9120,12,11,764,955,764,6376,6,6,0,7442,6925,0,1,0,0,1,694,9622,3770,2093,0,0,2394,525,8065,0,0,74,65,33,9,36,1718,12017,4296,1285,11051,21839,19171,5,185,127,5,0,0,0,892,52,9,3,29,FALSE,NA1_4394851027
18,0,8885,12,6,1808,4999,1808,5742,4,4,2,8414,7400,2,4,0,2,2,527,19364,6552,8062,0,0,4942,1846,1732,0,0,66,50,87,7,25,1505,24471,8398,3244,10077,8231,6667,20,142,99,5,0,164,0,282,63,4,9,23,TRUE,NA1_4394835801
18,0,13084,15,11,442,569,442,10669,7,5,0,8269,7650,0,0,0,0,0,662,11454,3705,7636,0,0,2954,1096,11081,0,0,143,37,78,12,69,2298,14936,5329,6943,19783,14188,10400,21,370,182,12,0,528,528,1065,97,9,14,47,FALSE,NA1_4394779671
16,0,8920,12,7,718,1921,718,5040,1,5,0,7378,6075,0,0,0,0,0,365,8142,1543,5013,0,0,2493,610,3794,0,0,105,34,73,6,40,1692,10636,2154,5940,9159,6955,3214,11,236,12,5,0,0,0,351,62,5,8,23,TRUE,NA1_4394782721
9,0,12326,14,13,641,2423,641,12723,3,7,0,8295,8025,0,1,0,0,1,1960,17321,5618,5908,0,0,2981,1112,9969,0,0,164,36,93,9,92,2337,20303,6731,6985,17139,7825,4506,22,460,136,6,0,0,0,1262,84,10,15,37,FALSE,NA1_4394564556
9,0,8145,11,4,384,746,384,7698,5,2,1,6805,6610,1,2,0,2,2,608,11855,4490,7851,0,0,2954,1247,6414,0,0,117,38,52,7,61,1652,14809,5738,3191,14366,5881,3136,14,328,142,10,0,0,0,100,54,2,5,30,FALSE,NA1_4394508699
9,0,6727,10,8,538,538,538,5552,4,6,0,5889,5500,0,1,0,0,1,765,11054,2429,1122,0,0,2574,1112,8042,0,0,30,35,55,6,19,1346,13629,3542,1961,9686,1786,1248,17,115,79,5,0,0,0,521,43,6,8,21,FALSE,NA1_4394492500
7,1,5660,9,6,199,970,199,7484,6,4,0,5903,4550,0,1,0,0,1,464,6596,3532,3657,0,0,2792,855,7804,0,0,33,38,16,5,34,1318,10075,5073,1709,12166,1099,148,5,57,131,3,0,685,685,704,36,4,3,17,FALSE,NA1_4394419049
10,0,7304,11,5,1182,3481,1182,3578,2,2,0,6331,5560,0,1,0,0,1,715,12016,2941,2601,4,0,3303,1395,2231,0,0,33,33,51,5,13,1356,15319,4337,2403,4940,4340,3704,12,109,37,5,0,0,0,108,42,3,5,12,TRUE,NA1_4394205927
19,0,9251,12,6,2259,2973,2259,2597,1,4,0,8358,7350,0,1,0,0,1,1273,11200,3344,2214,0,0,2700,388,2555,0,0,68,52,26,8,30,1508,14000,3733,1322,5454,20980,17477,13,147,36,5,0,100,0,684,53,4,6,21,TRUE,NA1_4394231414
19,0,16332,16,15,749,3073,749,10176,6,13,0,10143,9325,0,2,0,0,1,647,28509,7718,6073,0,0,3609,1675,18761,0,0,107,99,131,17,23,2670,32119,9393,9612,25917,27421,18657,21,229,183,5,0,0,0,1082,76,13,5,48,TRUE,NA1_4394029228
11,0,8081,11,6,1789,3151,1789,3192,1,4,0,6289,4735,0,0,0,0,0,1129,7353,2438,4461,0,0,2409,478,3007,0,0,62,20,54,4,31,1371,10040,3195,3742,7695,3128,1540,12,157,28,4,0,278,278,226,51,4,7,21,TRUE,NA1_4394047182
9,0,7438,11,8,692,692,692,3630,5,6,0,6166,5600,0,0,0,0,0,901,10896,2604,5945,0,0,2735,501,3522,0,0,74,37,28,4,19,1594,13631,3105,522,9798,9202,7458,12,161,141,5,0,0,0,331,57,6,7,31,FALSE,NA1_4394026297
5,0,6323,10,6,287,287,287,4104,4,4,0,4688,4400,0,0,0,0,0,530,6469,1977,4554,0,0,1943,647,3416,0,0,80,12,37,4,40,1264,8413,2624,2900,8332,2932,2169,5,223,67,4,0,0,0,361,30,4,4,16,FALSE,NA1_4394034552
15,0,8872,12,7,1298,3604,1298,5596,3,4,0,7360,6775,0,1,0,0,1,564,14272,4017,2426,0,0,4883,1857,5700,0,0,48,50,69,7,19,1441,19155,5875,4238,8971,8105,6671,15,106,59,5,0,0,0,844,56,5,2,23,TRUE,NA1_4394051667
8,0,6131,10,9,561,757,561,5128,3,6,0,6545,6025,0,1,0,0,1,768,10070,3427,5887,0,0,1516,517,5081,0,0,95,21,56,7,53,1659,11634,3980,4394,11050,5999,3431,11,301,80,7,0,47,35,81,69,7,8,30,FALSE,NA1_4393979705
7,0,8141,11,9,185,2823,185,6053,6,6,0,5738,5425,0,1,0,0,1,357,5504,2027,2926,0,0,2762,571,7004,0,0,47,55,59,5,20,1442,10180,2604,4099,11603,276,0,15,183,105,1,0,1912,4,1672,36,7,4,20,FALSE,NA1_4393957251
17,1,11328,13,10,546,1487,546,4757,0,5,0,7720,6115,0,1,0,0,1,0,11562,2823,2554,4,0,1946,589,5281,0,0,111,28,82,6,41,1718,13508,3412,6557,8643,8869,6489,12,250,0,8,0,0,0,807,61,8,8,27,TRUE,NA1_4393982528
26,0,9658,12,6,755,1147,755,6585,5,3,0,7799,6700,0,2,0,0,1,620,8539,3469,3045,0,0,2228,1312,5080,0,0,109,33,68,7,52,1441,10863,4876,5687,8716,8873,7686,18,219,88,5,0,95,95,590,63,4,11,19,TRUE,NA1_4393909467
7,0,10660,13,6,0,0,0,4886,5,4,0,5883,5635,0,1,0,0,1,831,14310,2163,2340,0,0,1777,284,5466,0,0,100,16,66,5,40,1691,16087,2447,5303,8381,4531,3328,7,313,95,6,0,0,0,574,49,4,3,22,FALSE,NA1_4393905096
1,0,6934,10,5,149,348,149,6009,6,2,0,5789,5075,0,0,0,0,0,872,5633,3091,5015,0,0,1370,542,5484,0,0,93,18,56,6,49,1747,7003,3634,3938,10567,2569,1753,6,230,132,5,0,0,0,68,66,3,3,28,FALSE,NA1_4393847503
12,0,12732,14,12,838,1885,838,9959,4,9,0,9096,7800,0,1,0,0,1,1082,20346,3888,6910,0,0,3121,793,7865,0,0,159,35,98,10,57,2117,23488,4703,8536,15351,15185,10054,29,306,106,12,0,20,20,574,83,10,13,36,FALSE,NA1_4393828540
15,0,9894,12,7,1566,3006,1566,8256,2,5,0,7600,6175,0,0,0,0,0,824,14156,2162,1496,0,0,2212,365,5637,0,0,101,22,73,4,37,1647,16369,2527,5931,7133,3801,3002,12,271,40,8,0,0,0,0,56,5,5,22,TRUE,NA1_4393524625
9,0,9271,12,6,1515,3046,1515,6527,3,3,0,7552,7500,0,2,0,0,1,785,13039,2301,2131,0,0,3920,538,8708,0,0,104,36,55,6,37,1588,16960,2839,3561,11583,8275,4953,15,240,89,9,0,0,0,743,43,4,6,18,TRUE,NA1_4393190747
8,0,6876,10,7,0,437,0,3249,2,3,0,5381,5050,0,0,0,0,0,596,5749,1997,1811,0,0,1649,508,3993,0,0,51,29,19,5,20,1313,7398,2505,742,6480,7341,5254,8,106,45,5,0,0,0,676,30,5,1,16,TRUE,NA1_4393158850
10,0,8106,11,6,795,1230,795,8045,4,4,0,6502,5950,0,0,0,0,0,547,15559,4903,1576,0,0,2151,745,9444,0,0,137,31,61,5,62,1739,17711,5649,4699,11631,8182,5535,10,336,67,12,0,0,0,611,57,4,2,30,FALSE,NA1_4393117683
13,0,8373,11,7,0,336,0,4493,5,4,0,7056,5860,0,1,0,0,1,478,6586,2500,6393,0,0,2015,710,2828,0,0,86,13,51,6,45,1465,10986,3211,3127,9626,5006,4357,15,249,90,11,0,2385,0,404,58,5,9,22,TRUE,NA1_4393135133
15,0,9225,12,7,319,1536,319,5886,6,4,0,7138,6625,0,1,0,0,1,622,20707,4940,8908,0,0,3179,1249,3876,0,0,59,49,69,7,31,1840,23932,6235,4166,13075,5954,4982,17,226,166,5,0,45,45,291,60,5,8,28,FALSE,NA1_4393132399
10,2,7785,11,5,39,9713,39,4223,1,2,0,6149,4175,1,2,0,2,1,340,10581,2949,2242,0,0,5195,970,2994,0,0,47,36,55,4,19,1348,20594,3920,3016,5302,5583,4120,17,96,12,4,0,4817,0,66,39,3,8,10,TRUE,NA1_4393089371
10,0,7267,10,6,637,1998,637,3981,3,3,0,5535,5050,0,0,0,0,0,547,9499,4166,4585,0,0,1332,194,3099,0,0,34,25,55,3,23,1320,10831,4361,1497,8869,3722,2684,3,91,70,5,0,0,0,1185,33,4,2,16,FALSE,NA1_4393057158
16,2,8463,11,6,587,1536,587,4343,3,4,0,7349,6700,1,2,0,2,1,235,7021,2787,1721,0,0,2011,401,4863,0,0,73,23,51,5,45,1418,9114,3270,2780,6845,4978,3541,9,253,38,7,0,81,81,260,39,4,8,17,TRUE,NA1_4393071740
19,0,13178,15,6,1728,7366,1728,8564,3,4,0,9763,8600,0,1,0,0,1,707,30090,6941,6391,0,0,6397,1541,7232,0,0,68,64,92,8,32,1955,36488,8483,5356,13826,12025,7760,44,256,73,5,0,0,0,202,58,4,13,26,TRUE,NA1_4393025349
7,0,12117,14,7,1716,1716,1716,10600,9,4,0,9906,9050,0,5,38,0,1,613,64621,18085,4133,4,0,10105,1571,14491,0,0,135,67,78,83,20,1914,77159,22089,723,20800,1334,0,121,171,267,1,0,2432,2432,2175,17,5,2,5,FALSE,NA1_4392885616
5,0,5404,9,5,862,1622,862,2503,1,3,0,5033,4325,0,0,0,0,0,375,7016,1602,1062,4,0,1939,700,3198,0,0,67,24,37,3,28,1245,8955,2302,2204,4752,1180,711,11,163,12,5,0,0,0,491,42,3,6,16,TRUE,NA1_4392838237
13,0,9282,12,11,706,2235,706,5100,4,7,0,7907,7300,0,1,0,0,1,454,8658,3310,2168,0,0,2247,564,5637,0,0,70,59,25,6,34,1702,11033,3912,885,8042,18959,15566,13,125,88,5,0,127,37,237,51,9,3,25,TRUE,NA1_4392782664
7,0,8004,11,9,0,0,0,7243,5,6,0,6190,5475,0,0,0,0,0,711,8041,2669,1077,0,0,2376,1077,8897,0,0,85,20,62,5,37,1691,10418,3746,3441,11440,3980,3120,19,185,143,7,0,0,0,1465,55,7,11,27,FALSE,NA1_4392606684
30,0,11076,13,9,653,2333,653,4687,3,7,0,8256,7025,0,1,0,0,1,554,10914,5022,6769,0,0,3550,1139,5441,0,0,119,34,73,6,54,1657,14582,6280,6769,12546,8080,4178,17,289,65,5,0,118,118,335,73,7,13,30,TRUE,NA1_4392469770
19,1,10424,13,7,1807,5381,1807,5647,4,5,0,8149,6625,0,2,0,0,1,565,23207,5662,3102,0,0,4629,1796,6024,0,0,66,47,88,6,24,1661,27836,7458,4037,9909,7721,6588,25,168,106,5,0,0,0,782,57,5,7,23,TRUE,NA1_4392394227
6,0,3614,7,5,486,486,486,1957,2,3,0,4122,3425,0,1,0,0,1,325,5919,1777,1243,0,0,1194,493,2573,0,0,58,10,29,3,23,952,7140,2296,1697,4274,605,420,3,187,20,3,0,25,25,457,18,3,1,13,FALSE,NA1_4392370946
18,0,13003,14,14,0,4077,0,9413,8,10,0,8911,7950,0,1,0,0,1,604,11233,3299,13596,0,0,2158,553,5157,0,0,123,30,86,12,57,2304,17290,4040,8610,19324,16961,14004,21,285,271,11,0,3898,188,570,75,12,8,41,FALSE,NA1_4392343106
22,2,11565,14,11,443,2404,443,4404,1,9,0,8353,7075,1,2,0,2,1,384,10061,3724,5937,0,0,3111,988,4089,0,0,115,39,86,8,42,1829,13173,4712,7915,10098,14838,11352,7,221,12,15,0,0,0,72,61,9,5,32,TRUE,NA1_4392269386
4,0,7537,11,6,840,840,840,7261,6,4,0,5971,5550,0,0,0,0,0,426,15822,3693,6503,0,0,3015,1098,6372,0,0,40,35,54,7,12,1556,18837,4791,2866,12875,4651,3094,16,131,164,5,0,0,0,0,45,4,6,20,FALSE,NA1_4392255947
9,0,9637,12,8,150,3288,150,9398,2,5,0,6763,6300,0,1,0,0,1,1648,24525,10419,7083,0,0,4134,1494,5552,0,0,80,55,94,10,66,1892,33070,11913,5922,12854,13154,10237,11,253,38,5,0,4410,0,218,69,6,3,33,FALSE,NA1_4392241080
5,0,7149,10,5,0,0,0,6271,5,3,0,5020,4710,0,0,0,0,0,666,9341,2018,3356,0,0,3005,779,6834,0,0,89,30,47,7,41,1498,12347,2797,4533,10707,7756,6601,18,306,138,14,0,0,0,516,44,3,6,19,FALSE,NA1_4391951606
0,0,3392,7,4,0,112,0,3826,3,1,0,3078,2850,0,0,0,0,0,476,4602,1587,2431,0,0,1166,476,2855,0,0,19,14,29,2,6,919,5768,2064,619,5324,636,330,7,59,51,3,0,0,0,38,14,2,1,7,FALSE,NA1_4391899302
11,2,9504,12,8,1329,3495,1329,5916,3,4,0,7951,6775,1,2,0,2,1,718,8136,2490,7358,0,0,2943,1106,3516,0,0,44,54,65,3,8,1660,11080,3597,5527,10958,13239,9336,14,64,47,7,0,0,0,83,70,6,9,25,TRUE,NA1_4391886305
11,0,4930,8,5,65,188,65,2526,0,2,0,4678,4175,0,0,0,0,0,0,5386,1441,1571,0,0,2050,878,1927,0,0,55,21,35,2,19,973,7437,2319,2320,3558,2173,1404,9,130,0,6,0,0,0,60,34,3,4,12,TRUE,NA1_4391846255
11,0,11736,14,9,1155,4635,1155,9685,4,6,0,8541,7725,0,2,0,0,1,641,37965,8197,3306,0,0,5463,2052,9626,0,0,75,61,116,10,27,1968,45528,10605,5789,13250,8158,6982,39,263,84,5,0,2098,355,317,59,7,11,33,FALSE,NA1_4391809286
12,3,7954,11,5,1015,1881,1015,1664,0,3,0,6855,5125,1,3,0,3,1,0,17223,3525,611,0,0,3800,1433,2297,0,0,44,34,64,3,17,1348,21023,4958,2532,3138,4455,3716,9,154,0,5,0,0,0,230,41,3,5,16,TRUE,NA1_4390973431
18,1,11148,13,10,572,1529,572,12168,3,7,0,8794,7375,1,3,0,2,1,841,14912,5901,8190,0,0,3229,1105,6310,0,0,61,73,35,7,60,1956,18142,7006,5676,14904,5194,641,13,102,78,5,0,0,0,403,91,8,9,37,TRUE,NA1_4390958167
17,1,11430,13,12,2215,5993,2215,8866,4,6,0,8811,8160,0,3,0,0,1,498,27398,7411,6772,0,0,5512,1877,4830,0,0,70,65,91,7,33,1717,33133,9400,4079,11836,8671,7345,18,237,107,5,0,222,112,233,54,6,4,22,TRUE,NA1_4390954083
5,0,5983,9,5,278,625,278,5067,5,3,0,4806,4760,0,1,0,0,1,668,10742,3886,2713,0,0,2831,989,7625,0,0,35,28,59,6,17,1271,13574,4875,2219,10433,2608,2035,3,134,78,5,0,0,0,94,25,3,2,15,FALSE,NA1_4390950499
7,0,22465,18,6,618,23803,618,49443,9,4,2,17548,16350,3,11,0,5,2,687,175966,22332,23695,138,0,16068,1097,24011,0,0,188,95,125,13,37,2416,250645,30363,0,49729,18034,0,79,1158,223,1,0,58607,6933,2023,28,5,5,6,FALSE,NA1_4390762329
15,0,11313,13,10,1321,3739,1321,11415,6,5,0,9737,9075,1,3,0,3,1,1083,34959,10690,7219,4,0,4896,1799,10574,0,0,81,40,84,12,47,1994,40247,12880,4738,18385,6772,4267,32,293,220,5,0,390,390,590,72,6,7,31,FALSE,NA1_4390703633
13,0,7930,11,7,92,1106,92,4009,1,5,0,6596,5560,0,0,0,0,0,365,6235,1951,1208,0,0,2187,791,5777,0,0,88,19,47,4,21,1495,8581,2901,4546,7412,6883,5144,14,83,10,14,0,158,158,426,65,5,8,29,TRUE,NA1_4390037225
17,0,13814,15,9,654,803,654,9661,7,6,1,9851,9225,1,4,0,2,2,475,31650,6721,3670,0,0,3657,1457,12176,0,0,70,60,94,10,22,2023,36035,8298,6097,16128,8291,6777,28,207,158,5,0,728,120,281,63,7,6,32,FALSE,NA1_4390013377
13,0,15018,16,4,442,4710,442,18841,7,2,0,12049,10810,0,3,0,0,1,365,112597,9966,2796,8,0,13407,812,12521,0,0,44,40,163,24,32,1995,127888,11883,2135,16094,1150,0,176,333,182,1,0,1884,1104,776,18,2,5,6,FALSE,NA1_4389998004
11,0,13798,15,7,0,106,0,10141,7,4,0,8199,7825,0,2,0,0,1,630,39900,13998,11463,0,0,3015,1232,8526,0,0,54,64,148,16,68,2031,43897,16212,2752,20485,515,0,32,379,166,1,0,982,982,494,72,5,7,33,FALSE,NA1_4389951093
20,0,10192,13,7,3102,7029,3102,7825,3,4,0,8466,8510,1,2,0,2,1,998,24274,6359,4184,0,0,3889,1121,6369,0,0,69,47,68,8,24,1629,29805,7555,4265,10644,12537,10474,18,158,54,5,0,1642,74,90,40,5,5,15,TRUE,NA1_4389904810
7,2,5163,9,6,931,1178,931,1808,0,3,0,5413,4250,1,2,0,2,1,0,5811,1766,853,0,0,2093,506,1703,0,0,76,17,36,3,26,983,8017,2273,1645,2787,1333,641,6,201,0,5,0,112,0,230,26,4,4,13,TRUE,NA1_4389426708
8,0,10359,13,7,0,248,0,8080,6,5,0,6969,6625,0,1,0,0,1,585,28583,6546,9981,0,0,2785,828,4976,0,0,58,52,76,8,38,1906,31369,7374,2618,15512,6923,5270,26,247,149,5,0,0,0,553,53,5,4,34,FALSE,NA1_4388876244
10,0,8967,12,8,623,2733,623,6061,4,6,0,6506,5600,0,0,0,0,0,416,7044,1618,5076,0,0,3222,668,5975,0,0,80,20,54,6,28,1622,10266,2286,4408,11431,7363,4265,15,174,79,5,0,0,0,379,71,6,10,31,TRUE,NA1_4388830660
27,2,9774,12,5,3168,13285,3168,6751,2,3,0,8554,6625,1,4,0,2,1,343,24762,8170,4254,0,0,4983,1619,5997,0,0,75,61,84,8,31,1472,36307,9991,4219,10610,17045,12990,19,142,26,5,0,6561,201,358,57,3,5,23,TRUE,NA1_4388715303
28,0,13257,15,12,1435,6265,1435,12932,2,6,0,9897,8675,1,3,0,3,1,1638,22689,7201,9424,0,0,6377,1610,6860,0,0,81,71,97,9,25,1834,29485,9230,10429,16324,23005,17230,14,159,44,7,0,417,417,38,61,9,5,27,TRUE,NA1_4388456459
17,0,12725,14,6,0,866,0,7157,6,4,0,8452,7800,0,1,0,0,1,467,52173,8841,2337,0,0,4471,1616,13656,0,0,75,53,83,9,34,1789,57124,10937,4363,17311,8454,6185,39,239,138,5,0,479,479,1318,38,4,4,26,FALSE,NA1_4388408428
13,0,7930,11,7,1556,5759,1556,3907,1,5,0,6300,4475,0,1,0,0,1,668,15942,3399,3759,0,0,3630,974,2176,0,0,48,41,65,5,16,1420,20998,4373,4966,6032,12400,10775,8,147,16,5,0,1425,0,96,47,5,5,21,TRUE,NA1_4388403096
19,0,9522,12,7,2776,14473,2776,9172,5,5,0,8158,6775,0,2,0,0,1,445,18878,4584,8565,0,0,5556,1131,4131,0,0,52,58,73,11,23,1645,30705,5715,5756,13049,15721,13513,7,173,131,5,0,6270,0,352,61,5,6,26,TRUE,NA1_4388338938
10,0,8303,11,12,382,497,382,7548,5,9,0,6276,5750,0,0,0,0,0,855,9949,2956,4946,0,0,2191,909,6709,0,0,129,28,62,5,59,1719,12140,3865,5128,11875,5811,5321,12,340,156,11,0,0,0,219,59,10,5,32,FALSE,NA1_4387992282
9,0,7999,11,10,0,379,0,8346,5,7,0,6707,6075,1,2,0,2,1,568,14808,5665,6704,0,0,2919,1146,7039,0,0,46,50,70,7,27,1660,17728,6812,5931,14128,14178,11160,16,157,109,5,0,0,0,383,61,8,4,31,FALSE,NA1_4388000133
24,0,10233,13,8,1757,4892,1757,9456,4,5,0,8911,7650,0,1,0,0,1,1205,14095,6034,2853,4,0,2994,862,13407,0,0,46,65,71,8,26,1842,18171,6981,4924,16633,13464,10358,20,112,146,5,0,1082,84,371,62,6,13,27,TRUE,NA1_4387950163
27,1,10767,13,9,2074,6532,2074,7895,2,4,0,8968,8240,0,1,0,0,1,694,23310,4321,4488,0,0,5741,1138,3507,0,0,66,57,77,7,20,1437,29389,5797,4855,8360,11671,9289,15,180,38,5,0,337,337,365,56,6,4,20,TRUE,NA1_4387871539
10,0,5985,9,6,479,1170,479,3893,3,3,0,6097,5650,0,1,0,0,1,743,5378,1078,4789,4,0,3247,364,2967,0,0,75,10,53,2,24,1260,8842,1551,2596,7779,1499,1018,7,148,80,5,0,216,108,22,37,4,4,15,TRUE,NA1_4387815637
22,0,11954,14,12,810,1305,810,6862,2,7,0,8888,8100,0,0,0,0,0,1033,9402,2553,3974,4,0,2814,332,5224,0,0,97,23,83,6,41,1887,12272,2886,6324,10214,6542,4573,15,230,54,8,0,56,0,1015,80,9,4,34,TRUE,NA1_4387429000
14,0,11763,14,10,1097,3441,1097,7425,1,5,0,8602,8025,0,0,0,0,0,805,35414,8917,3240,0,0,4776,1352,7249,0,0,62,51,84,8,48,1874,40190,10269,4737,10600,9451,6703,40,262,21,5,0,0,0,110,73,5,14,31,FALSE,NA1_4387394590
5,0,6787,10,6,356,946,356,3047,1,4,0,5537,5200,0,1,0,0,1,1029,18893,3205,3749,4,0,3713,1126,2050,0,0,41,34,53,4,16,1278,22607,4332,3017,5826,2819,1852,23,211,30,5,0,0,0,26,45,4,8,18,FALSE,NA1_4386795989
19,2,9860,12,7,1949,5823,1949,7059,3,5,0,8645,7375,1,2,0,2,1,378,26135,8372,3315,8,0,3811,1093,4688,0,0,42,71,121,11,32,1621,29947,9466,5228,8461,1819,609,14,216,53,5,0,0,0,457,68,5,7,26,TRUE,NA1_4386767474
16,0,10277,13,10,1282,2197,1282,7262,5,6,0,7614,6850,0,0,0,0,0,427,16205,5478,6670,0,0,2948,780,5446,0,0,56,54,69,7,22,1617,19305,6410,5761,12214,10076,7743,14,151,120,5,0,150,150,97,48,8,6,25,TRUE,NA1_4386773855
18,1,11431,13,6,4318,7914,4318,6077,1,2,0,8697,6700,0,1,0,0,1,605,30132,4698,3515,0,0,4851,1287,4218,0,0,68,58,82,8,23,1641,34983,5986,5721,7815,10120,7876,25,181,16,5,0,0,0,81,53,4,5,22,TRUE,NA1_4386702037
19,0,8106,11,7,3347,6567,3347,4836,3,2,0,7851,7800,0,0,0,0,0,749,15075,2950,3648,0,0,3337,984,4471,0,0,47,49,69,5,13,1374,18413,3934,3408,8281,5377,4612,8,93,40,5,0,0,0,162,49,2,3,22,TRUE,NA1_4386386172
9,0,7582,11,6,1922,5110,1922,4801,2,4,0,7271,5635,0,1,0,0,1,989,20236,3614,4539,5,0,4884,949,3694,0,0,55,40,69,7,15,1506,29976,4563,3628,8234,6909,4983,19,169,59,5,0,4855,0,0,56,4,9,21,TRUE,NA1_4386364783
9,0,6690,10,5,1794,1906,1794,3751,3,3,0,6702,6075,0,1,0,0,1,703,11993,4895,5138,0,0,3595,1043,3715,0,0,73,55,36,6,33,1614,15589,5938,1182,9388,18681,15009,7,215,55,5,0,0,0,534,54,3,4,26,FALSE,NA1_4386350647
14,0,10233,13,7,836,5380,836,8392,3,5,0,6874,6225,0,0,0,0,0,453,11852,3780,5082,0,0,3016,711,8217,0,0,52,57,62,7,17,1720,17719,4491,3408,13695,13269,9124,12,70,51,5,0,2850,0,395,59,5,6,30,TRUE,NA1_4386267493
19,0,11083,13,11,1941,2788,1941,6921,7,4,0,8479,7800,0,2,0,0,1,296,18917,6154,5864,0,0,2425,999,7942,0,0,62,58,73,7,39,1785,21497,7154,7366,14477,12874,10961,13,158,142,5,0,154,0,670,60,8,5,24,TRUE,NA1_4386235049
19,2,11245,13,7,2072,4565,2072,7414,2,4,1,8522,6625,1,4,0,2,2,948,23127,6731,3572,4,0,3009,1262,5904,0,0,54,57,71,7,29,1545,26350,8036,2706,10146,8448,5422,15,159,63,5,0,213,42,669,44,5,5,21,TRUE,NA1_4385953966
20,0,13994,15,9,1264,3044,1264,19901,4,5,0,10222,9375,0,1,0,0,1,1540,43637,17763,10342,0,0,4587,2545,17036,0,0,120,99,144,19,65,2544,48494,20579,14779,28860,37713,29756,31,285,188,5,0,269,269,1481,108,7,18,46,FALSE,NA1_4386000533
11,2,7991,11,7,1734,3787,1734,2669,1,5,0,7736,6625,2,4,0,2,1,532,15709,4789,1247,0,0,2262,941,3215,0,0,62,39,63,5,14,1528,17972,5730,3058,4547,7102,6596,21,99,14,8,0,0,0,84,82,5,13,30,TRUE,NA1_4385929114
6,0,8764,12,9,405,715,405,4524,5,6,0,7027,6725,0,1,0,0,1,781,10058,4557,7940,0,0,1503,356,4628,0,0,75,61,39,7,44,1930,11561,4913,1500,13495,25457,20467,17,162,164,5,0,0,0,926,72,7,8,32,FALSE,NA1_4385907378
10,0,9331,12,12,509,603,509,7815,7,9,0,6956,6800,0,0,0,0,0,659,12651,3217,8828,0,0,2921,351,7858,0,0,81,60,33,8,46,1850,15572,3569,1659,17068,20379,17949,17,213,218,5,0,0,0,380,75,10,5,33,FALSE,NA1_4385894877
1,0,4403,8,6,0,0,0,2437,2,3,0,3847,3500,0,1,0,0,1,689,6700,2905,1929,0,0,2115,209,2029,0,0,47,30,15,4,23,939,8816,3115,307,4291,7451,5919,12,139,48,5,0,0,0,333,25,4,6,12,FALSE,NA1_4385902719
11,0,9981,13,8,1069,1168,1069,6103,4,5,0,8017,7500,0,0,0,0,0,804,14219,4221,1416,0,0,1686,331,7986,0,0,64,43,33,10,40,1899,15905,4553,986,10086,20444,17298,18,183,146,5,0,0,0,682,84,6,11,42,FALSE,NA1_4385878443
13,0,9617,12,8,45,488,45,6116,7,4,0,6253,5635,0,0,0,0,0,424,6933,4289,3565,0,0,1656,605,7341,0,0,72,76,36,9,37,1634,8662,4967,1333,11281,28104,23597,9,120,131,5,0,72,72,375,54,6,5,29,FALSE,NA1_4385874387
13,0,9054,12,9,454,923,454,5601,3,5,0,6888,6575,0,0,0,0,0,823,10861,3756,2638,0,0,3263,508,7598,0,0,87,43,39,7,28,1728,14125,4264,1242,11131,16324,12149,22,156,97,5,0,0,0,895,73,7,10,27,FALSE,NA1_4385880108
23,0,11323,13,10,646,1521,646,9973,7,5,0,8693,7925,0,1,0,0,1,1120,10451,4690,10427,0,0,2855,353,8339,0,0,72,74,32,10,38,2118,14726,6463,2067,19404,30525,24139,16,146,193,5,0,1419,1419,637,67,8,7,33,FALSE,NA1_4385813942
19,0,10353,13,8,720,1198,720,6192,5,4,0,7663,7275,0,0,0,0,0,431,11130,3478,4362,0,0,1824,275,9310,0,0,72,39,33,9,30,1770,13733,4533,916,13748,21729,16005,16,164,146,5,0,779,779,76,76,6,8,29,FALSE,NA1_4385718188
21,0,12713,14,10,1233,2088,1233,6433,2,6,0,9235,7800,0,0,0,0,0,1428,14735,4224,3056,0,0,2169,601,6326,0,0,93,61,33,10,30,1973,18504,4826,1208,9873,22388,16981,14,180,49,5,0,1600,0,490,77,8,4,32,TRUE,NA1_4385669328
16,0,11204,13,7,1013,2395,1013,5727,3,4,0,7869,7025,0,1,0,0,1,874,11046,4989,3462,0,0,3023,489,4918,0,0,63,54,33,7,36,1701,14070,5479,1494,9751,23350,16945,13,139,108,5,0,0,0,1370,59,5,6,26,TRUE,NA1_4385632551
NA1_4385483276,,,,,,,,,,,,,,,,,,,,,,,,,,,,,,,,,,,,,,,,,,,,,,,,,,,,,,,
8,0,8619,12,9,329,329,329,5619,5,7,0,6271,5425,0,0,0,0,0,688,10645,3090,4622,0,0,1704,496,5039,0,0,54,44,24,8,30,1773,12350,3587,1077,10258,13518,10668,11,166,126,5,0,0,0,596,55,7,6,24,FALSE,NA1_4385405700
18,0,11930,14,9,531,939,531,4746,2,6,0,7581,6225,0,0,0,0,0,1072,9705,3203,2773,0,0,932,153,5551,0,0,77,106,43,9,33,1840,10638,3356,2393,8682,29031,24479,7,175,44,5,0,0,0,357,58,7,5,26,TRUE,NA1_4385266494
10,0,13043,15,11,734,2709,734,12139,7,8,0,9495,9225,0,0,0,0,0,1143,13251,3552,7412,4,0,3498,328,11205,0,0,83,62,28,10,25,2496,17584,4549,1433,19859,24942,19567,10,160,235,5,0,834,669,1241,103,9,7,51,FALSE,NA1_4385129465
19,0,11271,13,12,174,174,174,7563,8,8,0,8849,8050,0,0,0,0,0,618,12341,4616,13379,0,0,1741,482,6211,0,0,72,58,44,11,49,2199,15560,6576,1579,19965,23790,19088,10,228,249,6,0,1477,1477,374,90,10,6,43,FALSE,NA1_4384778936
24,0,10371,13,8,943,1098,943,3962,4,6,0,7533,6150,0,0,0,0,0,633,12512,5188,1446,0,0,1731,660,5044,0,0,95,84,46,7,50,1638,14243,5849,1881,6791,30811,25579,7,289,62,6,0,0,0,300,58,6,6,27,TRUE,NA1_4384728329
9,0,5291,9,6,138,1769,138,2215,1,3,0,4218,3650,0,0,0,0,0,468,7989,1991,1385,0,0,2270,267,2270,0,0,44,36,20,2,15,946,11257,2258,802,3724,7497,6105,2,134,14,5,0,997,0,68,25,4,1,11,TRUE,NA1_4384766546
5,0,2685,6,4,267,797,267,797,0,2,0,2938,2050,0,0,0,0,0,0,4234,1898,914,0,0,1446,685,806,0,0,31,21,9,0,14,613,5680,2583,364,1721,3199,2521,2,85,0,4,0,0,0,0,13,2,2,9,TRUE,NA1_4384765789
13,0,10495,13,9,801,2524,801,5671,4,7,0,7362,6775,0,0,0,0,0,1059,10454,2916,3955,4,0,4425,393,6306,0,0,76,27,31,6,29,1816,17033,4466,635,11337,11126,7996,9,174,136,5,0,2153,1156,1075,55,7,2,31,FALSE,NA1_4384734224
19,1,11406,13,6,90,572,90,6978,5,4,0,7346,7000,0,1,0,0,1,391,10258,6123,4222,0,0,2764,792,9165,0,0,74,91,45,7,46,1653,13023,6915,2957,13864,33540,26794,9,171,104,5,0,0,0,476,47,4,6,24,FALSE,NA1_4384771053
11,1,11652,14,7,500,638,500,17142,4,3,0,7884,7150,0,1,0,0,1,518,11002,3391,4827,0,0,6111,772,10127,0,0,50,49,27,5,41,2020,21886,4197,2026,15873,1317,312,43,77,125,3,0,4771,32,919,77,5,8,34,FALSE,NA1_4384688017
13,0,9009,12,6,234,1113,234,5736,7,4,0,6268,6050,0,1,0,0,1,491,6230,2236,5388,0,0,2846,331,6577,0,0,69,54,27,6,18,1681,9115,2606,1244,14095,15972,13770,12,138,164,5,0,39,39,2129,54,4,7,22,FALSE,NA1_4384665420
8,0,9875,12,6,0,292,0,5217,4,4,0,6823,6000,0,1,0,0,1,787,11160,3470,4528,0,0,2742,502,6333,0,0,75,57,41,7,30,1753,13903,3972,1717,12165,20425,15767,13,182,95,5,0,0,0,1303,52,4,6,28,FALSE,NA1_4384709795
14,0,9902,12,7,709,7497,709,4662,4,5,0,7126,5610,0,0,0,0,0,313,12770,4056,3636,0,0,3365,994,4304,0,0,49,43,59,8,22,1606,20681,5050,2973,8708,8364,6169,18,101,68,5,0,4546,0,768,70,5,11,24,TRUE,NA1_4384643084
11,1,10147,13,8,390,625,390,10797,3,5,0,8089,6900,0,2,0,0,1,622,7121,4080,8258,0,0,5367,697,4906,0,0,40,48,18,3,48,1656,17528,4777,4471,13456,2131,533,39,69,77,5,0,5039,0,290,61,6,9,22,TRUE,NA1_4384504623
20,0,12722,14,6,269,743,269,12034,7,4,0,8042,7550,0,1,0,0,1,464,14282,4588,8222,0,0,3227,675,9706,0,0,78,103,32,9,37,2009,17510,5264,2140,18699,30304,25366,6,221,176,5,0,0,0,770,64,4,3,30,FALSE,NA1_4384347499
23,0,17029,17,16,550,704,550,13366,8,12,0,9713,9125,0,2,0,0,1,503,15490,4924,8166,0,0,2189,675,10067,0,0,148,35,104,11,61,2579,17781,5702,13579,21411,19605,14234,15,333,180,8,0,102,102,3176,101,11,13,49,FALSE,NA1_4384259352
8,0,9878,12,7,390,4781,390,4076,3,5,0,5894,5075,0,0,0,0,0,1007,9332,3575,5134,0,0,2572,177,4594,0,0,80,52,41,7,30,1808,15438,3865,974,10115,17456,12894,5,148,91,5,0,3533,113,385,55,5,1,26,FALSE,NA1_4384292162
10,0,11264,13,7,992,1528,992,8698,5,4,0,8031,6875,1,3,0,2,1,727,30429,7279,9456,0,0,3205,1379,6466,0,0,73,49,93,9,40,1894,33634,8659,6533,16200,13895,10385,21,240,100,6,0,0,0,278,63,5,2,32,FALSE,NA1_4384212407
12,0,9212,12,10,329,2621,329,13614,8,7,0,7296,6850,0,1,0,0,1,480,17184,6083,8932,0,0,3983,1001,8999,0,0,57,63,79,11,33,1887,22004,7920,3352,18883,8843,6579,12,153,198,5,0,836,836,952,72,8,6,37,FALSE,NA1_4384137299
7,0,7941,11,7,60,527,60,11676,8,3,0,6264,6000,0,1,0,0,1,459,13103,5895,8768,0,0,2932,1428,8933,0,0,45,43,73,6,26,1717,16036,7323,5248,18426,11444,8715,15,108,211,5,0,0,0,724,65,5,7,22,FALSE,NA1_4384122174
11,0,10761,13,10,2019,3638,2019,12035,2,8,0,7875,6850,0,1,0,0,1,1201,19034,5560,2867,0,0,4373,1711,8899,0,0,76,63,85,6,22,1879,23576,7440,5454,12165,9839,6936,10,139,52,5,0,168,168,397,66,8,3,36,TRUE,NA1_4383773955
18,2,10845,13,10,1022,4246,1022,10137,3,4,0,9261,8825,2,5,0,2,1,829,27623,11103,2167,0,0,4618,1740,7466,0,0,41,62,139,12,40,1538,32506,13024,4575,9837,2721,722,14,233,51,2,0,264,180,203,51,4,4,21,TRUE,NA1_4383811646
20,0,10710,13,11,444,3758,444,3622,4,7,0,8578,7700,0,1,0,0,1,1099,13044,5936,3975,4,0,3227,1189,6036,0,0,58,50,82,8,29,1982,17696,7126,3453,10607,7384,5914,14,127,128,5,0,1425,0,596,85,9,8,41,TRUE,NA1_4383759057
11,1,13634,15,9,218,359,218,8737,4,7,0,8763,8675,0,1,0,0,1,404,75660,9094,7176,0,0,3945,1159,7169,0,0,96,56,105,9,47,1994,79670,10317,4878,14346,9821,7709,53,373,72,5,0,63,63,0,66,7,6,36,FALSE,NA1_4383736066
3,0,4678,8,7,0,685,0,4770,4,5,0,4928,4475,0,1,0,0,1,777,4468,2596,2092,0,0,1705,595,5772,0,0,56,31,19,2,23,1151,6510,3275,386,8205,7314,5124,6,118,57,5,0,336,84,339,46,5,6,24,FALSE,NA1_4383743420
13,0,5660,9,7,39,97,39,6223,9,5,0,5550,5275,0,1,0,0,1,233,11184,6300,5136,0,0,2126,1930,8228,0,0,40,30,57,6,26,1236,13379,8299,3001,13896,5623,4356,7,125,163,5,0,68,68,531,35,5,4,17,FALSE,NA1_4383739813
3,0,5896,9,7,209,209,209,4543,3,5,0,5037,4675,0,0,0,0,0,1242,6520,3529,2518,0,0,1484,454,5945,0,0,69,35,32,6,36,1549,8005,3983,912,8938,11464,8659,10,141,60,5,0,0,0,474,49,5,9,22,FALSE,NA1_4383666065
3,0,5679,9,5,0,780,0,5726,6,2,0,4670,4325,0,1,0,0,1,480,5261,2246,2754,0,0,2164,416,5848,0,0,49,29,18,4,18,1142,7425,2662,480,9504,6098,4700,8,117,140,5,0,0,0,902,19,3,5,10,FALSE,NA1_4383691968
12,0,4583,8,5,1324,1768,1324,1737,1,3,0,5014,4125,0,1,0,0,1,681,5637,1762,427,0,0,1798,690,2035,0,0,37,39,11,3,12,971,7436,2452,387,2582,9131,7571,0,86,16,5,0,0,0,119,18,3,0,10,TRUE,NA1_4383601374
14,0,8456,11,9,981,2124,981,3866,2,5,0,6765,5300,0,1,0,0,1,673,7467,2727,2509,0,0,3177,606,5489,0,0,65,54,30,5,27,1495,10645,3334,1403,8012,15986,12678,7,135,40,5,0,0,0,14,47,7,5,22,TRUE,NA1_4383565232
19,0,9876,12,9,915,1700,915,7521,3,7,0,8091,7425,0,1,0,0,1,893,7943,1777,6152,0,0,1998,455,5684,0,0,80,28,70,7,31,1623,9966,2257,7456,12586,6419,4710,5,195,89,10,0,24,24,749,61,7,4,30,TRUE,NA1_4381553220
21,0,15873,16,14,1723,8609,1723,15495,6,8,0,12073,11200,1,5,0,2,1,488,64364,9777,7928,0,0,5925,2171,12902,0,0,98,74,125,8,44,2159,74185,12168,7978,21831,19633,14375,58,286,152,5,0,3895,220,999,78,9,11,44,TRUE,NA1_4381478668
21,3,12058,14,10,1733,6332,1733,7328,1,5,1,9612,8225,2,5,0,3,2,1014,27936,9692,3611,0,0,5539,1994,4299,0,0,70,52,77,9,35,1478,33925,12135,7087,8189,10551,8037,21,189,33,5,0,449,449,278,51,6,3,25,TRUE,NA1_4381473839
17,1,10751,13,9,1202,2170,1202,6838,4,4,0,7723,6400,0,1,0,0,1,392,28347,9567,1855,0,0,2513,670,7920,0,0,42,54,108,14,53,1622,30860,10237,5091,10093,1438,0,27,237,84,1,0,0,0,316,60,7,4,23,TRUE,NA1_4381427267
10,0,9657,12,9,308,515,308,7954,5,7,0,7543,6925,0,1,0,0,1,617,7856,2992,3610,0,0,1437,157,9391,0,0,57,86,25,8,18,1845,9822,3606,1281,13687,27404,23220,7,110,148,5,0,527,455,685,61,7,3,34,FALSE,NA1_4381377631
14,0,9137,12,11,0,300,0,7224,4,7,0,6553,6250,0,0,0,0,0,579,14512,8357,5067,0,0,3750,1549,5017,0,0,60,46,81,8,52,1707,18263,9906,4003,10227,5059,3523,18,166,61,5,0,0,0,142,60,9,9,28,FALSE,NA1_4381361293
10,0,5491,9,5,2026,2546,2026,2396,1,1,0,5253,2950,0,1,0,0,1,601,7821,1777,2755,0,0,2142,723,1483,0,0,27,28,35,2,6,1009,9963,2501,450,4285,2048,1376,13,64,16,4,0,0,0,46,26,3,4,7,TRUE,NA1_4381231378
14,0,8394,11,5,1335,4564,1335,6181,2,2,0,7430,6910,1,2,0,2,1,1078,20420,5621,4958,0,0,5467,1707,3547,0,0,60,50,70,6,19,1497,26205,7527,4133,8604,10621,8187,11,164,59,5,0,317,198,98,52,3,2,22,TRUE,NA1_4381203969
25,0,14769,16,11,1235,2259,1235,13056,6,6,0,10658,10550,0,1,0,0,1,830,56486,12279,4017,0,0,6241,2250,13324,0,0,111,76,121,11,61,2188,63400,15203,7715,18369,16089,13872,37,434,182,5,0,672,672,1026,69,7,8,36,FALSE,NA1_4381116706
4,0,5927,9,5,563,563,563,3263,2,2,0,5518,5175,0,1,0,0,1,785,7761,2923,2204,0,0,2902,449,4644,0,0,53,22,24,4,22,1288,10663,3372,386,6849,8146,6407,20,114,21,5,0,0,0,0,47,3,11,18,FALSE,NA1_4381131271
4,0,7006,10,7,0,0,0,8430,6,4,0,6064,5860,1,2,0,2,1,532,4930,2323,6971,0,0,2168,634,3669,0,0,44,48,57,6,34,1559,7281,3039,5054,11412,2245,2334,10,212,154,4,0,182,82,771,41,5,4,21,FALSE,NA1_4381067315
25,1,12397,14,12,2013,6002,2013,5236,1,6,0,9521,8375,0,1,0,0,1,1309,29122,8326,3969,0,0,4869,1969,5174,0,0,68,59,89,9,23,1736,33991,10296,5200,9144,11432,8875,24,136,37,5,0,0,0,0,71,5,6,27,TRUE,NA1_4380935660
16,0,13204,15,11,289,378,289,7766,8,9,0,8684,7675,0,0,0,0,0,435,6642,2758,7704,0,0,1080,243,7376,0,0,58,67,34,14,39,2316,7723,3002,1963,16067,24254,20013,14,145,255,5,0,0,0,986,88,9,11,46,FALSE,NA1_4380950037
35,1,17045,17,12,2068,4727,2068,20340,5,7,1,11807,11200,1,3,0,2,2,1007,52800,10055,9034,4,0,4157,1782,12014,0,0,113,88,132,14,39,2247,57548,12303,9531,22533,28057,20441,51,254,122,5,0,590,465,1484,97,6,11,43,TRUE,NA1_4380875561
6,0,6850,10,8,0,0,0,6551,4,4,0,4944,4625,0,0,0,0,0,529,6514,2272,4426,0,0,4025,272,3443,0,0,51,41,19,5,24,1452,15605,2545,2232,8817,10092,8415,31,156,61,5,0,5065,0,947,27,6,3,15,FALSE,NA1_4380839505
7,0,8014,11,7,0,0,0,7326,4,5,0,6594,6375,0,2,0,0,1,511,5436,2071,4846,0,0,1944,374,3727,0,0,62,55,22,6,20,1565,7380,2446,1620,8907,13537,11375,11,143,99,5,0,0,0,333,53,5,8,26,FALSE,NA1_4380663072
16,0,10280,13,9,292,1370,292,3779,3,5,0,7857,7675,0,0,0,0,0,869,7795,2945,5493,0,0,2831,385,3731,0,0,74,55,27,7,28,1728,12711,3531,1270,10059,21776,17858,13,126,67,5,0,2084,199,833,67,7,6,28,TRUE,NA1_4380620786
19,0,13114,15,11,1466,2392,1466,6507,2,8,0,9142,7975,0,2,0,0,1,1111,10474,2289,4082,1,0,2728,349,4869,0,0,69,55,29,6,26,1947,13202,2639,1439,9218,19353,15837,11,140,66,7,0,0,0,266,65,9,4,36,TRUE,NA1_4380575704
16,0,9400,12,7,1892,3643,1892,7057,5,3,0,7700,6775,1,2,0,2,1,613,17960,6606,2465,0,0,4565,2029,6686,0,0,51,46,69,7,31,1568,22557,8667,5055,10755,9492,8819,20,131,113,5,0,30,30,1603,54,5,4,23,TRUE,NA1_4380571533
6,0,8219,11,6,268,268,268,6874,4,3,0,6649,6250,0,1,0,0,1,1292,7910,3498,5932,0,0,1337,413,4240,0,0,74,71,35,9,37,1843,9266,3930,1266,11555,21424,16335,14,150,105,5,0,18,18,1382,91,4,11,31,FALSE,NA1_4380544328
20,0,13909,15,12,159,2780,159,14607,5,6,0,9339,8700,0,0,0,0,0,730,13810,5825,6957,0,0,4166,348,7924,0,0,99,87,53,10,63,2503,19544,6174,2564,15253,39604,31162,16,248,172,5,0,1567,0,371,91,6,5,39,TRUE,NA1_4379985726
8,0,6349,10,5,567,1165,567,1825,1,2,0,4705,4125,0,0,0,0,0,1161,7798,2551,2216,0,0,2368,276,968,0,0,58,51,23,4,25,1229,10197,2858,1004,3185,11624,9555,5,142,31,5,0,30,30,0,35,3,2,15,FALSE,NA1_4379849021
22,0,11142,13,7,777,1134,777,6183,7,3,0,8323,7625,0,0,0,0,0,413,7605,4159,2894,0,0,2173,337,9287,0,0,62,94,35,8,32,1859,9778,4497,2775,14096,29263,24212,11,140,150,6,0,0,0,1914,65,5,10,28,TRUE,NA1_4379823682
2,0,7921,11,6,551,3251,551,4990,4,4,0,6246,5950,0,2,0,0,1,1017,21872,7147,3573,4,0,3165,1218,4386,0,0,33,39,114,5,29,1482,27433,9066,2271,8157,32,0,23,227,52,1,0,2396,700,198,43,4,5,19,FALSE,NA1_4379748770
18,0,10911,13,10,0,857,0,4523,5,7,0,7125,6800,0,0,0,0,0,604,9600,4694,7723,0,0,3901,587,5378,0,0,83,65,34,6,48,1736,13501,5281,1869,13101,26899,19533,11,178,145,5,0,0,0,0,60,8,7,27,TRUE,NA1_4379792347
24,0,19769,18,13,1140,7628,1140,14983,3,9,0,12075,11300,0,0,0,0,0,1205,17658,3895,3646,0,0,4779,500,12129,0,0,117,100,46,13,33,2821,27627,4396,2565,17290,46188,33187,22,233,126,5,0,5188,0,1515,102,5,8,64,TRUE,NA1_4379676908
16,0,12910,14,9,0,425,0,10929,6,6,0,7961,7575,0,0,0,0,0,482,16426,4595,8161,0,0,2869,809,8538,0,0,111,37,65,7,73,1991,19295,5405,9606,17565,9297,6455,24,327,176,10,0,0,0,865,70,7,8,31,FALSE,NA1_4379653783
15,3,11251,13,8,651,2503,651,6293,3,6,0,8232,7375,1,3,0,3,1,636,9656,4188,977,0,0,4178,859,5440,0,0,74,57,36,6,36,1657,14081,5294,2037,6806,16159,11934,10,163,58,5,0,246,246,388,61,6,7,30,TRUE,NA1_4379621227
10,0,9078,12,6,150,1127,150,6189,5,3,0,6887,6550,0,0,0,0,0,612,25223,6433,2986,0,0,4122,1307,6614,0,0,45,36,65,5,37,1642,30026,8420,3800,9909,3468,2951,32,208,106,5,0,680,680,309,52,4,6,22,FALSE,NA1_4379606567
13,0,8348,11,8,444,843,444,5361,2,6,0,6325,5800,0,1,0,0,1,678,20516,5233,5747,0,0,4439,1297,5743,0,0,62,42,68,4,31,1535,24956,6531,3117,11627,5121,3733,21,197,47,5,0,0,0,136,43,6,7,26,FALSE,NA1_4379593331
19,2,15953,16,11,730,3154,730,12657,6,9,1,11493,9875,2,7,0,3,2,446,37948,9646,7249,4,0,4826,1135,9427,0,0,50,84,140,14,37,2108,44221,12227,4092,16993,1637,0,41,259,189,1,0,1446,1446,317,102,9,11,37,TRUE,NA1_4379360117
10,0,8611,12,6,315,397,315,3359,5,3,0,5864,5585,0,0,0,0,0,801,7963,2224,9087,0,0,1932,183,3217,0,0,59,58,29,8,23,1657,9895,2407,791,12916,20547,16530,8,135,141,5,0,0,0,611,43,4,2,20,FALSE,NA1_4379267394
6,0,6991,10,6,0,2121,0,2702,4,4,0,5682,5300,0,1,0,0,1,589,5784,1819,3642,0,0,1315,158,3122,0,0,53,60,26,4,21,1438,8525,1978,928,7043,12474,10578,10,143,70,5,0,1425,0,278,26,4,3,14,FALSE,NA1_4379282955
4,0,6403,10,5,49,114,49,4119,4,3,0,5358,4610,0,1,0,0,1,574,8685,3227,2644,0,0,2502,825,5147,0,0,39,50,14,3,32,1417,11585,4451,1792,8226,713,136,16,53,79,2,0,398,398,435,43,3,7,16,FALSE,NA1_4379218878
10,0,9578,12,8,0,612,0,8991,5,4,0,7073,6625,0,1,0,0,1,591,11210,3925,7438,0,0,2916,620,6742,0,0,121,33,60,6,51,1770,14126,4545,4479,14602,5499,2626,17,262,120,8,0,0,0,420,67,6,5,25,FALSE,NA1_4378957753
3,0,8573,11,3,495,495,495,3402,1,1,0,6218,6060,1,2,0,2,1,949,48634,7672,3737,2,0,9974,1418,1486,0,0,32,19,96,9,25,972,60438,9982,365,5224,951,0,120,210,0,1,0,1829,891,0,9,1,0,6,TRUE,NA1_4378943387
6,0,5192,9,4,0,0,0,4736,4,2,0,4196,4100,0,0,0,0,0,371,3172,1605,3574,0,0,1168,203,3852,0,0,19,20,17,2,28,1160,4340,1808,1344,7703,510,329,10,48,72,4,0,0,0,276,24,2,4,13,FALSE,NA1_4378848106
11,2,6508,10,4,1519,2500,1519,3557,3,1,0,5939,5050,1,2,0,2,1,472,12629,3756,1727,4,0,4141,1346,5209,0,0,37,36,58,3,21,1121,16770,5102,1965,6981,2880,2127,12,141,58,5,0,0,0,44,31,2,4,10,TRUE,NA1_4378748753
7,0,9181,12,8,0,0,0,11382,4,5,0,6749,6400,0,1,0,0,1,988,32532,4823,6590,1,0,2208,1285,7173,0,0,45,46,117,10,37,1618,34741,6109,1332,14193,457,182,26,286,144,2,0,0,0,430,50,6,6,19,FALSE,NA1_4378754473
21,0,15040,16,14,906,1961,906,11091,9,9,0,10704,8975,0,1,0,0,1,618,12811,4212,7268,0,0,3829,377,15262,0,0,93,67,34,13,32,2639,17731,5606,3071,24825,34538,25346,13,165,367,5,0,1090,1017,2294,96,4,6,52,FALSE,NA1_4378708646
4,0,4652,8,3,532,776,532,754,0,1,0,3491,2625,0,0,0,0,0,0,3620,760,1183,0,0,2714,352,694,0,0,40,40,11,2,7,936,6345,1114,607,1877,6209,5406,4,67,0,5,0,11,1,0,12,1,4,3,TRUE,NA1_4378686506
8,0,6361,10,7,62,137,62,5944,3,3,0,5657,5350,0,2,0,0,1,366,5525,3251,1671,0,0,1559,846,7320,0,0,61,69,27,6,25,1217,7085,4097,1225,9226,14737,12214,4,117,53,5,0,0,0,234,28,5,3,12,FALSE,NA1_4378693499
13,0,7333,11,6,0,81,0,6847,8,3,0,5932,5700,0,0,0,0,0,557,6291,3543,8178,0,0,2238,852,7100,0,0,55,81,35,6,33,1479,8529,4395,2488,15652,22224,19121,7,141,156,5,0,0,0,373,49,4,3,19,FALSE,NA1_4378700449
18,0,11783,14,8,94,753,94,13473,7,6,0,8355,8085,0,3,0,0,1,580,12767,3169,7587,0,0,4099,820,8588,0,0,74,80,91,8,31,1797,16866,3989,8318,16806,3643,2364,15,267,146,5,0,0,0,630,60,6,4,31,FALSE,NA1_4378617843
11,0,8818,12,9,1170,1659,1170,3945,3,6,0,6712,6225,0,0,0,0,0,390,8452,2397,4963,0,0,2796,338,2896,0,0,57,53,19,5,24,1599,11249,2736,1144,8334,18692,13470,12,132,64,5,0,0,0,473,47,7,4,24,TRUE,NA1_4378624156
19,0,9253,12,6,404,527,404,4697,5,3,0,7836,7025,0,2,0,0,1,444,5005,2904,6867,0,0,1325,581,4161,0,0,47,79,22,7,22,1557,6331,3486,680,11673,19652,16983,10,103,86,5,0,0,0,644,56,3,8,23,TRUE,NA1_4378400068
15,0,9215,12,8,862,3772,862,8414,7,5,0,7358,6950,0,0,0,0,0,441,7259,3605,1536,0,0,2279,549,9376,0,0,78,50,28,7,32,1864,12147,4219,1017,12145,17683,14819,16,141,146,5,0,2609,65,1232,70,6,4,33,FALSE,NA1_4378315940
8,0,9541,12,9,254,523,254,10008,11,7,0,7198,6775,0,1,0,0,1,403,8069,2720,11186,0,0,1858,658,7992,0,0,49,76,73,5,26,1962,9928,3378,4813,20055,1245,532,4,234,272,4,0,0,0,875,70,7,2,37,FALSE,NA1_4378279439
16,0,12762,14,12,613,765,613,8813,4,8,0,7839,7000,0,0,0,0,0,711,13474,2975,3356,0,0,3506,772,7209,0,0,131,18,74,9,49,2321,17083,3849,5368,11400,5101,3257,14,295,115,5,0,102,102,834,85,10,11,42,TRUE,NA1_4378240783
28,0,14003,15,8,1342,2331,1342,12563,6,4,0,9295,8575,0,0,0,0,0,491,21325,8634,6533,0,0,3695,1139,9284,0,0,64,73,47,7,77,1918,25021,9773,4478,16981,4368,1104,17,143,125,5,0,0,0,1162,78,4,6,26,TRUE,NA1_4378108048
18,0,12886,14,11,692,1815,692,9890,4,7,0,8170,6850,0,0,0,0,0,662,10652,2996,3377,4,0,2031,691,6814,0,0,69,99,98,8,22,1948,12683,3687,7451,10446,508,0,17,220,78,1,0,0,0,255,89,9,12,36,TRUE,NA1_4378100617
5,0,6282,10,6,407,600,407,3016,3,2,0,5006,4725,0,1,0,0,1,665,16329,4711,624,0,0,2230,520,3698,0,0,29,29,83,5,30,1226,19090,5761,762,4629,38,0,20,158,69,1,0,530,530,306,35,4,4,14,FALSE,NA1_4378010183
11,0,5024,8,5,984,1414,984,1253,0,2,0,5020,4325,0,0,0,0,0,0,2636,1145,1810,0,0,859,327,1163,0,0,24,31,13,2,14,920,3495,1472,565,2974,6830,6207,1,38,0,6,0,0,0,0,19,3,1,8,TRUE,NA1_4377934224
6,1,9424,12,6,145,2608,145,5331,1,3,0,6331,5800,0,1,0,0,1,791,31834,8039,4100,0,0,3390,873,2712,0,0,67,40,81,5,42,1676,37556,8913,5597,7798,5405,4135,16,264,21,5,0,2331,0,985,45,4,1,25,FALSE,NA1_4377858841
21,0,15263,16,10,1845,4557,1845,11411,4,7,0,9954,7800,1,3,0,3,1,1158,32985,5020,6948,8,0,6217,1054,8195,0,0,88,81,111,9,24,2129,39203,6074,7503,17125,21410,15678,19,183,51,5,0,0,0,1981,82,8,10,40,TRUE,NA1_4377804351
16,2,12770,14,13,2893,5192,2893,6661,3,8,0,9174,8500,1,2,0,2,1,548,36406,11369,4398,0,0,3557,933,3082,0,0,51,81,154,16,69,1985,40291,12545,2712,7855,452,0,18,380,72,1,0,328,243,375,71,10,5,37,TRUE,NA1_4377725284
4,0,7161,10,7,610,730,610,11548,4,4,0,5508,5525,0,0,0,0,0,472,6580,2408,3979,0,0,2647,304,7153,0,0,69,69,20,6,32,1557,9228,2713,2352,12090,16003,12052,12,141,89,5,0,0,0,957,39,5,7,19,FALSE,NA1_4377750850
8,0,9197,12,8,445,445,445,5180,4,5,0,6032,5600,0,0,0,0,0,399,9703,3468,1637,0,0,2801,546,6599,0,0,74,72,29,6,24,1620,12505,4015,1237,8450,18172,15154,9,184,93,5,0,0,0,213,56,6,4,24,FALSE,NA1_4377697657
6,0,4408,8,4,288,683,288,1730,3,1,0,4362,3300,0,0,0,0,0,510,7415,2509,101,0,0,3168,497,3092,0,0,55,41,18,3,24,1102,10584,3006,562,3212,7836,6047,5,172,52,5,0,0,0,18,27,2,2,11,TRUE,NA1_4377349532
18,1,19015,18,8,2574,6495,2574,19931,4,5,1,17777,15785,2,9,0,6,2,1123,134139,27920,4822,32,0,11562,939,8593,0,0,58,61,221,29,42,2272,154390,33692,3868,15263,596,0,164,434,175,1,0,8688,4832,1847,32,5,3,16,TRUE,NA1_4377317547
2,0,6105,9,6,891,1336,891,2585,3,4,0,5203,5050,0,1,0,0,1,589,19595,6734,3082,1,0,2905,1195,2365,0,0,38,26,91,7,55,1389,23073,8502,639,5646,621,0,16,257,30,1,0,572,572,199,37,4,3,21,FALSE,NA1_4377037709
4,0,7510,11,5,0,268,0,4063,1,3,0,4864,4475,0,0,0,0,0,240,6400,1751,1366,0,0,1655,498,4559,0,0,50,35,19,4,12,1407,8056,2250,142,5977,8776,6908,13,106,10,5,0,0,0,52,41,3,3,23,FALSE,NA1_4377080791
6,0,8423,11,8,156,510,156,8563,6,5,0,7193,6700,0,2,0,0,1,518,16988,5856,4057,0,0,2772,1415,7637,0,0,62,40,75,11,28,1917,19901,7412,3410,12919,5914,4712,20,160,148,5,0,140,140,1224,83,6,10,36,FALSE,NA1_4376852551
19,0,10507,13,10,226,363,226,8372,3,7,0,7793,6850,0,0,0,0,0,733,3744,1167,3079,0,0,1966,505,6560,0,0,32,85,86,7,16,1646,5710,1673,5804,10364,4357,2982,21,147,75,5,0,0,0,724,64,8,13,21,TRUE,NA1_4376810195
21,0,11427,13,8,607,1559,607,3730,1,5,0,8117,7450,0,0,0,0,0,1440,7758,4102,4243,0,0,2213,432,2530,0,0,61,63,29,8,40,1769,9972,4534,1148,6876,26044,19629,8,145,37,5,0,0,0,101,57,6,5,27,TRUE,NA1_4376724124
10,0,6802,10,5,570,643,570,1897,1,3,0,5371,4375,0,0,0,0,0,791,5923,1911,1674,0,0,2368,264,1355,0,0,48,41,18,3,18,1210,8291,2175,989,3107,9883,7967,6,113,21,7,0,0,0,78,36,3,3,16,TRUE,NA1_4376687736
17,8,17341,17,6,2131,15711,2131,10257,0,3,2,14490,12850,1,8,0,8,2,0,137033,20881,5679,20,0,18155,1061,2425,0,0,51,53,224,22,37,2038,159766,23813,4952,8105,3243,0,195,393,0,1,0,4578,1870,0,30,4,2,11,TRUE,NA1_4376580357
13,0,10079,13,7,0,267,0,10384,11,4,0,6603,6075,0,0,0,0,0,365,6774,3124,10556,0,0,2139,468,7672,0,0,70,55,35,7,28,1934,8923,3603,1311,18528,19645,15776,9,134,263,5,0,10,10,300,75,5,2,32,FALSE,NA1_4376515594
19,0,11582,14,11,1057,2044,1057,5603,3,7,0,8936,7600,1,2,0,2,1,907,13951,4056,3619,0,0,4391,581,5703,0,0,97,59,33,8,41,1936,19212,4758,1559,9817,24193,19333,16,211,94,5,0,870,120,493,65,9,5,31,TRUE,NA1_4376446874
10,0,9080,12,8,1211,2270,1211,5980,3,5,0,6428,5075,0,0,0,0,0,844,23097,6846,1778,0,0,3478,679,5676,0,0,39,57,117,8,29,1613,26576,7525,2099,7764,2134,1357,13,232,42,5,0,0,0,308,55,6,7,19,TRUE,NA1_4376462133
14,0,13128,15,12,1129,1549,1129,4516,2,6,0,9257,9125,0,1,0,0,1,1981,9267,2610,5561,0,0,1991,308,3862,0,0,80,75,29,6,18,2140,11941,3601,1698,10029,30009,23346,10,131,48,5,0,682,682,605,84,8,7,37,TRUE,NA1_4376138745
14,0,7336,11,7,1312,3264,1312,1753,0,3,0,5880,4925,0,0,0,0,0,0,8876,3286,1997,0,0,1353,528,1672,0,0,55,70,21,4,24,1218,12138,3814,1027,3785,15572,13248,6,144,0,5,0,1907,0,115,37,5,0,19,TRUE,NA1_4376164744
15,0,11278,13,9,667,4049,667,3733,3,5,0,8343,7735,0,1,0,0,1,656,11369,4048,2334,0,0,2115,697,3719,0,0,86,92,42,5,30,1803,15828,4758,2573,6192,28693,22893,15,201,46,5,0,2344,12,138,74,7,6,36,TRUE,NA1_4376130276
10,7,14121,15,7,1934,5215,1934,4342,0,5,1,11769,10525,1,7,0,7,2,0,91844,8482,1950,16,0,10898,1312,2991,0,0,52,36,162,19,25,1679,105713,11018,728,5013,561,0,158,280,0,1,0,2971,1223,71,25,5,3,14,TRUE,NA1_4376017836
7,0,6950,10,6,286,566,286,3402,3,4,1,6061,5500,1,2,0,2,2,545,22086,7293,2462,0,0,2888,936,3989,0,0,44,31,96,9,40,1390,25359,8614,1074,6612,0,0,24,217,65,0,0,384,384,160,35,4,2,17,FALSE,NA1_4376031379
11,2,10138,13,7,0,2263,0,4327,2,4,0,7537,7025,1,2,0,2,1,280,43497,11334,2751,0,0,3160,1360,3601,0,0,57,50,123,11,77,1610,51978,14467,2191,6569,0,0,45,452,24,0,0,5320,1772,217,58,5,5,33,FALSE,NA1_4375975087
13,0,11356,13,9,0,218,0,7801,3,6,0,7056,6925,0,0,0,0,0,1188,6820,3103,1985,0,0,1266,454,7360,0,0,72,81,38,7,26,1895,8087,3558,2726,10074,24454,19677,16,111,73,5,0,0,0,728,75,7,12,36,FALSE,NA1_4375917061
3,0,6219,10,9,0,511,0,4709,6,5,0,5278,4885,0,0,0,0,0,485,10983,2785,2893,0,0,2115,672,6929,0,0,37,47,46,4,21,1562,13098,3458,3217,10139,1827,1524,21,117,140,5,0,0,0,316,54,7,6,27,FALSE,NA1_4375871884
22,0,16350,16,12,0,368,0,18984,4,8,0,9511,9035,0,1,0,0,1,951,23120,4981,10454,0,0,4385,636,12215,0,0,87,112,135,12,33,2095,29761,7824,11781,24158,4805,2060,41,349,85,5,0,2255,2207,1488,94,7,16,39,FALSE,NA1_4375830769
18,0,11781,14,9,933,2399,933,3295,2,4,0,8484,7350,0,0,0,0,0,893,11266,2692,1144,0,0,3451,221,2944,0,0,74,71,24,6,30,1887,14718,2913,1462,5208,22570,18320,8,145,62,5,0,0,0,1119,71,7,1,27,TRUE,NA1_4375724077
9,0,8514,11,9,128,885,128,6503,6,7,0,7254,6625,0,3,0,0,1,358,23375,8292,3053,2,0,1921,646,7897,0,0,53,63,115,7,46,1592,25846,9488,3881,11732,746,0,19,283,125,1,0,550,550,782,51,7,7,24,FALSE,NA1_4375668828
7,2,5869,9,4,1190,2199,1190,2576,2,3,0,5604,5275,1,2,0,2,1,351,12490,3586,534,0,0,3078,1011,2554,0,0,35,34,48,4,29,1302,15729,4757,1234,3329,1832,1687,9,143,26,5,0,160,160,240,48,3,4,25,TRUE,NA1_4375535748
15,2,7395,11,6,2330,2501,2330,6321,2,3,0,7547,6950,1,2,0,2,1,586,15309,4564,1638,0,0,2915,1312,6417,0,0,39,40,53,6,24,1375,18225,5876,1845,8407,5747,4183,14,150,47,5,0,0,0,351,49,4,4,21,TRUE,NA1_4375511448
9,1,13528,15,4,3069,10595,3069,4677,2,1,0,11417,10150,0,2,0,0,1,488,108042,8883,4200,8,0,11824,397,2473,0,0,37,35,166,19,20,1536,126217,10312,1559,7212,973,0,170,341,56,1,0,6350,1032,539,13,2,0,7,TRUE,NA1_4375441463
6,0,7502,11,8,0,114,0,7876,3,5,0,4908,4700,0,0,0,0,0,837,6255,2773,6926,0,0,2065,579,2854,0,0,68,87,28,5,35,1446,8356,3387,1129,10017,14902,13111,10,171,70,5,0,35,35,236,38,6,1,23,FALSE,NA1_4375241648
16,0,9220,12,5,406,499,406,7209,8,2,0,7955,7315,1,2,0,2,1,542,9052,3861,9501,0,0,1677,671,5575,0,0,109,18,71,9,53,1860,10729,4532,4754,16243,11782,9014,14,256,148,10,0,0,0,1166,67,3,4,24,FALSE,NA1_4375177943
